,Country name,Regional indicator,Year,Ladder score,Logged GDP per capita,Social support,Healthy life expectancy,Freedom to make life choices,Generosity,Perceptions of corruption,Positive affect,Negative affect
0,Albania,Central and Eastern Europe,2021,5.117,9.52,0.697,68.999,0.785,-0.03,0.901,0.654,0.299
1,Albania,Central and Eastern Europe,2020,5.365,9.497,0.71,69.3,0.754,0.007,0.891,0.679,0.265
2,Albania,Central and Eastern Europe,2019,4.995,9.544,0.686,69.0,0.777,-0.099,0.914,0.681,0.274
3,Albania,Central and Eastern Europe,2018,5.004,9.518,0.684,68.7,0.824,0.009,0.899,0.713,0.319
4,Albania,Central and Eastern Europe,2017,4.64,9.476,0.638,68.4,0.75,-0.029,0.876,0.669,0.334
5,Albania,Central and Eastern Europe,2016,4.511,9.437,0.638,68.1,0.73,-0.017,0.901,0.675,0.322
6,Albania,Central and Eastern Europe,2015,4.607,9.403,0.639,67.8,0.704,-0.081,0.885,0.688,0.35
7,Albania,Central and Eastern Europe,2014,4.814,9.378,0.626,67.52,0.735,-0.025,0.883,0.685,0.335
8,Albania,Central and Eastern Europe,2013,4.551,9.359,0.759,67.24,0.632,-0.127,0.863,0.634,0.338
9,Albania,Central and Eastern Europe,2012,5.51,9.347,0.785,66.96,0.602,-0.169,0.848,0.607,0.271
10,Argentina,Latin America and Caribbean,2021,5.929,9.962,0.898,69.0,0.828,-0.182,0.834,0.833,0.284
11,Argentina,Latin America and Caribbean,2020,5.901,9.85,0.897,69.2,0.823,-0.122,0.816,0.764,0.342
12,Argentina,Latin America and Caribbean,2019,6.086,10.0,0.896,69.0,0.817,-0.211,0.83,0.826,0.319
13,Argentina,Latin America and Caribbean,2018,5.793,10.032,0.9,68.8,0.846,-0.211,0.855,0.82,0.321
14,Argentina,Latin America and Caribbean,2017,6.039,10.067,0.907,68.6,0.832,-0.186,0.841,0.809,0.292
15,Argentina,Latin America and Caribbean,2016,6.427,10.051,0.883,68.4,0.848,-0.192,0.851,0.842,0.312
16,Argentina,Latin America and Caribbean,2015,6.697,10.083,0.926,68.2,0.881,-0.174,0.851,0.859,0.305
17,Argentina,Latin America and Caribbean,2014,6.671,10.067,0.918,68.02,0.745,-0.164,0.854,0.857,0.238
18,Argentina,Latin America and Caribbean,2013,6.582,10.103,0.91,67.84,0.737,-0.13,0.823,0.842,0.254
19,Argentina,Latin America and Caribbean,2012,6.468,10.091,0.902,67.66,0.747,-0.148,0.817,0.857,0.272
20,Australia,North America and ANZ,2021,7.183,10.796,0.94,73.9,0.914,0.159,0.442,0.801,0.213
21,Australia,North America and ANZ,2020,7.137,10.76,0.937,74.2,0.905,0.21,0.491,0.769,0.205
22,Australia,North America and ANZ,2019,7.234,10.815,0.943,73.9,0.918,0.121,0.43,0.77,0.202
23,Australia,North America and ANZ,2018,7.177,10.811,0.94,73.6,0.916,0.146,0.405,0.759,0.187
24,Australia,North America and ANZ,2017,7.257,10.798,0.95,73.3,0.911,0.317,0.411,0.78,0.225
25,Australia,North America and ANZ,2016,7.25,10.791,0.942,73.0,0.922,0.239,0.399,0.791,0.236
26,Australia,North America and ANZ,2015,7.309,10.779,0.952,72.7,0.922,0.332,0.357,0.79,0.21
27,Australia,North America and ANZ,2014,7.289,10.772,0.924,72.6,0.923,0.319,0.442,0.775,0.245
28,Australia,North America and ANZ,2013,7.364,10.762,0.928,72.5,0.933,0.269,0.432,0.819,0.177
29,Australia,North America and ANZ,2012,7.196,10.754,0.945,72.4,0.935,0.274,0.368,0.811,0.214
30,Austria,Western Europe,2021,7.268,10.906,0.934,73.3,0.908,0.042,0.481,0.788,0.178
31,Austria,Western Europe,2020,7.213,10.851,0.925,73.6,0.912,0.011,0.464,0.769,0.206
32,Austria,Western Europe,2019,7.195,10.939,0.964,73.3,0.903,0.06,0.457,0.774,0.205
33,Austria,Western Europe,2018,7.396,10.928,0.912,73.0,0.904,0.053,0.523,0.752,0.226
34,Austria,Western Europe,2017,7.294,10.908,0.906,72.7,0.89,0.133,0.518,0.748,0.18
35,Austria,Western Europe,2016,7.048,10.891,0.926,72.4,0.889,0.08,0.524,0.756,0.197
36,Austria,Western Europe,2015,7.076,10.881,0.928,72.1,0.9,0.099,0.557,0.798,0.164
37,Austria,Western Europe,2014,6.95,10.882,0.899,71.96,0.885,0.118,0.567,0.78,0.17
38,Austria,Western Europe,2013,7.499,10.883,0.95,71.82,0.922,0.168,0.679,0.787,0.163
39,Austria,Western Europe,2012,7.401,10.889,0.945,71.68,0.92,0.118,0.771,0.822,0.157
40,Bangladesh,South Asia,2021,5.025,8.454,0.693,64.8,0.877,-0.041,0.682,0.622,0.268
41,Bangladesh,South Asia,2020,5.28,8.472,0.739,65.3,0.777,-0.009,0.742,0.582,0.332
42,Bangladesh,South Asia,2019,5.114,8.467,0.673,64.8,0.902,-0.051,0.656,0.537,0.369
43,Bangladesh,South Asia,2018,4.499,8.399,0.706,64.3,0.901,-0.043,0.701,0.541,0.361
44,Bangladesh,South Asia,2017,4.31,8.334,0.713,63.8,0.896,0.012,0.635,0.569,0.214
45,Bangladesh,South Asia,2016,4.556,8.274,0.649,63.3,0.875,-0.089,0.688,0.56,0.235
46,Bangladesh,South Asia,2015,4.633,8.216,0.601,62.8,0.815,-0.068,0.721,0.635,0.226
47,Bangladesh,South Asia,2014,4.636,8.164,0.577,62.38,0.736,-0.098,0.789,0.622,0.231
48,Bangladesh,South Asia,2013,4.66,8.116,0.53,61.96,0.742,-0.016,0.743,0.619,0.246
49,Bangladesh,South Asia,2012,4.724,8.07,0.582,61.54,0.668,-0.034,0.765,0.714,0.183
50,Belgium,Western Europe,2021,6.834,10.823,0.906,72.199,0.783,-0.153,0.646,0.785,0.241
51,Belgium,Western Europe,2020,6.839,10.771,0.904,72.4,0.767,-0.164,0.634,0.647,0.26
52,Belgium,Western Europe,2019,6.772,10.853,0.884,72.2,0.776,-0.172,0.672,0.733,0.244
53,Belgium,Western Europe,2018,6.892,10.844,0.93,72.0,0.808,-0.125,0.63,0.75,0.25
54,Belgium,Western Europe,2017,6.928,10.834,0.922,71.8,0.857,0.054,0.543,0.786,0.234
55,Belgium,Western Europe,2016,6.949,10.819,0.929,71.6,0.866,-0.056,0.497,0.765,0.26
56,Belgium,Western Europe,2015,6.904,10.81,0.885,71.4,0.869,0.062,0.469,0.805,0.24
57,Belgium,Western Europe,2014,6.855,10.795,0.944,71.28,0.861,0.001,0.512,0.798,0.252
58,Belgium,Western Europe,2013,7.104,10.784,0.909,71.16,0.891,0.017,0.574,0.797,0.217
59,Belgium,Western Europe,2012,6.935,10.784,0.927,71.04,0.855,-0.05,0.758,0.82,0.238
60,Benin,Sub-Saharan Africa,2021,5.045,8.087,0.489,54.713,0.757,-0.034,0.661,0.617,0.338
61,Benin,Sub-Saharan Africa,2020,4.408,8.102,0.507,55.1,0.783,-0.083,0.532,0.609,0.305
62,Benin,Sub-Saharan Africa,2019,4.976,8.098,0.442,54.7,0.77,-0.016,0.698,0.659,0.441
63,Benin,Sub-Saharan Africa,2018,5.82,8.059,0.504,54.3,0.713,0.002,0.747,0.647,0.468
64,Benin,Sub-Saharan Africa,2017,4.853,8.021,0.436,53.9,0.727,-0.065,0.767,0.615,0.458
65,Benin,Sub-Saharan Africa,2016,4.007,7.993,0.493,53.5,0.78,-0.065,0.838,0.608,0.456
66,Benin,Sub-Saharan Africa,2015,3.625,7.988,0.434,53.1,0.733,-0.027,0.85,0.592,0.373
67,Benin,Sub-Saharan Africa,2014,3.347,7.998,0.506,52.82,0.776,-0.096,0.855,0.59,0.273
68,Benin,Sub-Saharan Africa,2013,3.479,7.964,0.577,52.54,0.783,-0.085,0.856,0.702,0.216
69,Benin,Sub-Saharan Africa,2012,3.193,7.923,0.523,52.26,0.769,-0.111,0.806,0.583,0.231
70,Bolivia,Latin America and Caribbean,2021,5.716,9.046,0.81,63.901,0.875,-0.077,0.839,0.768,0.394
71,Bolivia,Latin America and Caribbean,2020,5.559,8.998,0.805,64.2,0.877,-0.054,0.868,0.79,0.382
72,Bolivia,Latin America and Caribbean,2019,5.674,9.074,0.784,63.9,0.881,-0.086,0.857,0.751,0.419
73,Bolivia,Latin America and Caribbean,2018,5.916,9.066,0.827,63.6,0.863,-0.093,0.786,0.742,0.387
74,Bolivia,Latin America and Caribbean,2017,5.651,9.039,0.779,63.3,0.884,-0.12,0.819,0.698,0.434
75,Bolivia,Latin America and Caribbean,2016,5.77,9.012,0.796,63.0,0.882,-0.047,0.853,0.783,0.376
76,Bolivia,Latin America and Caribbean,2015,5.834,8.985,0.829,62.7,0.884,-0.03,0.862,0.786,0.393
77,Bolivia,Latin America and Caribbean,2014,5.865,8.953,0.821,62.36,0.881,0.018,0.832,0.809,0.398
78,Bolivia,Latin America and Caribbean,2013,5.767,8.915,0.803,62.02,0.846,-0.067,0.812,0.759,0.41
79,Bolivia,Latin America and Caribbean,2012,6.019,8.865,0.781,61.68,0.862,-0.015,0.84,0.782,0.409
80,Bosnia and Herzegovina,Central and Eastern Europe,2021,5.813,9.59,0.87,68.098,0.706,0.113,0.931,0.586,0.311
81,Bosnia and Herzegovina,Central and Eastern Europe,2020,5.516,9.583,0.899,68.4,0.74,0.138,0.916,0.644,0.325
82,Bosnia and Herzegovina,Central and Eastern Europe,2019,6.016,9.609,0.873,68.1,0.722,0.079,0.963,0.633,0.238
83,Bosnia and Herzegovina,Central and Eastern Europe,2018,5.887,9.576,0.836,67.8,0.659,0.123,0.913,0.643,0.277
84,Bosnia and Herzegovina,Central and Eastern Europe,2017,5.09,9.532,0.775,67.5,0.564,0.092,0.923,0.597,0.271
85,Bosnia and Herzegovina,Central and Eastern Europe,2016,5.181,9.5,0.808,67.2,0.633,0.134,0.957,0.641,0.304
86,Bosnia and Herzegovina,Central and Eastern Europe,2015,5.117,9.457,0.656,66.9,0.631,-0.055,0.96,0.534,0.286
87,Bosnia and Herzegovina,Central and Eastern Europe,2014,5.249,9.411,0.788,66.86,0.412,0.232,0.976,0.531,0.262
88,Bosnia and Herzegovina,Central and Eastern Europe,2013,5.124,9.382,0.767,66.82,0.39,0.042,0.97,0.544,0.315
89,Bosnia and Herzegovina,Central and Eastern Europe,2012,4.773,9.342,0.779,66.78,0.42,-0.013,0.953,0.548,0.338
90,Brazil,Latin America and Caribbean,2021,6.33,9.577,0.882,66.601,0.804,-0.071,0.756,0.783,0.305
91,Brazil,Latin America and Caribbean,2020,6.11,9.522,0.831,66.8,0.786,-0.053,0.729,0.692,0.389
92,Brazil,Latin America and Caribbean,2019,6.451,9.592,0.899,66.6,0.83,-0.062,0.762,0.761,0.337
93,Brazil,Latin America and Caribbean,2018,6.191,9.589,0.882,66.4,0.751,-0.117,0.763,0.75,0.35
94,Brazil,Latin America and Caribbean,2017,6.333,9.583,0.905,66.2,0.765,-0.175,0.794,0.716,0.308
95,Brazil,Latin America and Caribbean,2016,6.375,9.578,0.912,66.0,0.807,-0.1,0.781,0.763,0.302
96,Brazil,Latin America and Caribbean,2015,6.547,9.62,0.907,65.8,0.799,-0.016,0.771,0.755,0.325
97,Brazil,Latin America and Caribbean,2014,6.981,9.664,0.898,65.54,0.714,-0.115,0.71,0.788,0.274
98,Brazil,Latin America and Caribbean,2013,7.14,9.668,0.91,65.28,0.785,-0.095,0.707,0.818,0.276
99,Brazil,Latin America and Caribbean,2012,6.66,9.647,0.89,65.02,0.849,-0.077,0.623,0.755,0.35
100,Bulgaria,Central and Eastern Europe,2021,5.266,10.016,0.931,67.0,0.788,-0.096,0.932,0.615,0.223
101,Bulgaria,Central and Eastern Europe,2020,5.598,9.991,0.916,67.2,0.818,-0.004,0.901,0.706,0.221
102,Bulgaria,Central and Eastern Europe,2019,5.108,10.047,0.948,67.0,0.822,-0.109,0.943,0.663,0.2
103,Bulgaria,Central and Eastern Europe,2018,5.099,10.007,0.924,66.8,0.724,-0.176,0.952,0.639,0.189
104,Bulgaria,Central and Eastern Europe,2017,5.097,9.969,0.942,66.6,0.689,-0.154,0.911,0.614,0.189
105,Bulgaria,Central and Eastern Europe,2016,4.838,9.928,0.926,66.4,0.7,-0.17,0.936,0.622,0.172
106,Bulgaria,Central and Eastern Europe,2015,4.865,9.883,0.908,66.2,0.637,-0.2,0.941,0.643,0.214
107,Bulgaria,Central and Eastern Europe,2014,4.438,9.838,0.886,66.1,0.576,-0.055,0.955,0.628,0.236
108,Bulgaria,Central and Eastern Europe,2013,3.993,9.813,0.829,66.0,0.603,-0.191,0.962,0.623,0.278
109,Bulgaria,Central and Eastern Europe,2012,4.222,9.804,0.838,65.9,0.641,-0.172,0.938,0.573,0.237
110,Cambodia,Southeast Asia,2021,4.83,8.36,0.765,62.0,0.959,0.034,0.843,0.803,0.372
111,Cambodia,Southeast Asia,2020,4.377,8.362,0.724,62.4,0.963,0.052,0.863,0.878,0.39
112,Cambodia,Southeast Asia,2019,4.998,8.387,0.759,62.0,0.957,0.013,0.828,0.844,0.39
113,Cambodia,Southeast Asia,2018,5.122,8.333,0.795,61.6,0.958,0.036,0.853,0.845,0.414
114,Cambodia,Southeast Asia,2017,4.586,8.276,0.765,61.2,0.964,0.088,0.821,0.799,0.408
115,Cambodia,Southeast Asia,2016,4.461,8.225,0.746,60.8,0.958,0.076,0.84,0.839,0.398
116,Cambodia,Southeast Asia,2015,4.162,8.173,0.729,60.4,0.956,0.21,0.825,0.813,0.399
117,Cambodia,Southeast Asia,2014,3.883,8.121,0.693,60.02,0.938,0.239,0.843,0.783,0.482
118,Cambodia,Southeast Asia,2013,3.674,8.068,0.651,59.64,0.941,0.164,0.812,0.792,0.44
119,Cambodia,Southeast Asia,2012,3.899,8.014,0.606,59.26,0.956,0.247,0.89,0.82,0.352
120,Cameroon,Sub-Saharan Africa,2021,5.142,8.189,0.71,53.515,0.731,0.026,0.848,0.627,0.304
121,Cameroon,Sub-Saharan Africa,2020,5.241,8.175,0.72,54.3,0.675,0.049,0.837,0.63,0.386
122,Cameroon,Sub-Saharan Africa,2019,4.937,8.203,0.711,53.5,0.712,-0.008,0.817,0.629,0.326
123,Cameroon,Sub-Saharan Africa,2018,5.251,8.19,0.677,52.7,0.816,0.036,0.884,0.642,0.356
124,Cameroon,Sub-Saharan Africa,2017,5.074,8.176,0.695,51.9,0.767,-0.028,0.844,0.632,0.377
125,Cameroon,Sub-Saharan Africa,2016,4.816,8.167,0.659,51.1,0.713,-0.003,0.879,0.662,0.367
126,Cameroon,Sub-Saharan Africa,2015,5.038,8.149,0.646,50.3,0.791,0.049,0.868,0.651,0.346
127,Cameroon,Sub-Saharan Africa,2014,4.24,8.12,0.778,49.9,0.795,-0.071,0.856,0.623,0.216
128,Cameroon,Sub-Saharan Africa,2013,4.271,8.09,0.76,49.5,0.794,-0.03,0.867,0.681,0.268
129,Cameroon,Sub-Saharan Africa,2012,4.245,8.065,0.743,49.1,0.766,-0.032,0.898,0.618,0.284
130,Canada,North America and ANZ,2021,7.103,10.776,0.926,73.8,0.915,0.089,0.415,0.85,0.251
131,Canada,North America and ANZ,2020,7.025,10.73,0.931,74.0,0.887,0.05,0.434,0.796,0.307
132,Canada,North America and ANZ,2019,7.109,10.8,0.925,73.8,0.912,0.112,0.436,0.822,0.285
133,Canada,North America and ANZ,2018,7.175,10.798,0.923,73.6,0.946,0.106,0.372,0.824,0.259
134,Canada,North America and ANZ,2017,7.415,10.792,0.934,73.4,0.945,0.163,0.362,0.863,0.218
135,Canada,North America and ANZ,2016,7.245,10.773,0.924,73.2,0.912,0.211,0.385,0.825,0.237
136,Canada,North America and ANZ,2015,7.413,10.774,0.939,73.0,0.931,0.253,0.427,0.845,0.286
137,Canada,North America and ANZ,2014,7.304,10.775,0.918,72.84,0.939,0.27,0.442,0.833,0.259
138,Canada,North America and ANZ,2013,7.594,10.757,0.936,72.68,0.916,0.316,0.406,0.851,0.263
139,Canada,North America and ANZ,2012,7.415,10.744,0.948,72.52,0.918,0.29,0.466,0.857,0.229
140,Chile,Latin America and Caribbean,2021,6.172,10.071,0.882,70.0,0.742,-0.044,0.83,0.817,0.309
141,Chile,Latin America and Caribbean,2020,6.151,10.02,0.888,70.1,0.781,0.033,0.812,0.815,0.336
142,Chile,Latin America and Caribbean,2019,5.942,10.095,0.869,70.0,0.659,-0.103,0.86,0.809,0.337
143,Chile,Latin America and Caribbean,2018,6.436,10.097,0.89,69.9,0.789,-0.06,0.816,0.833,0.276
144,Chile,Latin America and Caribbean,2017,6.32,10.072,0.88,69.8,0.79,-0.02,0.836,0.838,0.291
145,Chile,Latin America and Caribbean,2016,6.579,10.074,0.841,69.7,0.652,0.102,0.858,0.869,0.283
146,Chile,Latin America and Caribbean,2015,6.533,10.07,0.827,69.6,0.769,0.041,0.812,0.803,0.333
147,Chile,Latin America and Caribbean,2014,6.844,10.059,0.862,69.46,0.733,0.217,0.758,0.87,0.276
148,Chile,Latin America and Caribbean,2013,6.74,10.053,0.862,69.32,0.737,0.085,0.741,0.855,0.285
149,Chile,Latin America and Caribbean,2012,6.599,10.023,0.855,69.18,0.734,0.195,0.782,0.815,0.288
150,China,East Asia,2021,5.339,9.673,0.811,69.593,0.904,-0.146,0.755,0.821,0.164
151,China,East Asia,2020,5.771,9.702,0.808,69.9,0.891,-0.103,0.755,0.789,0.245
152,China,East Asia,2019,5.144,9.688,0.822,69.6,0.927,-0.173,0.755,0.891,0.147
153,China,East Asia,2018,5.131,9.632,0.788,69.3,0.895,-0.159,0.755,0.856,0.19
154,China,East Asia,2017,5.099,9.571,0.772,69.0,0.878,-0.175,0.755,0.821,0.214
155,China,East Asia,2016,5.325,9.51,0.742,68.7,0.851,-0.228,0.755,0.826,0.146
156,China,East Asia,2015,5.304,9.449,0.794,68.4,0.851,-0.244,0.755,0.809,0.171
157,China,East Asia,2014,5.196,9.386,0.82,68.24,0.851,-0.217,0.755,0.854,0.112
158,China,East Asia,2013,5.241,9.319,0.778,68.08,0.805,-0.158,0.755,0.836,0.142
159,China,East Asia,2012,5.095,9.249,0.788,67.92,0.808,-0.185,0.755,0.821,0.159
160,Colombia,Latin America and Caribbean,2021,6.012,9.557,0.847,68.001,0.837,-0.135,0.841,0.825,0.296
161,Colombia,Latin America and Caribbean,2020,5.709,9.495,0.797,68.3,0.84,-0.085,0.808,0.795,0.34
162,Colombia,Latin America and Caribbean,2019,6.35,9.598,0.873,68.0,0.822,-0.172,0.854,0.822,0.322
163,Colombia,Latin America and Caribbean,2018,5.984,9.579,0.871,67.7,0.851,-0.148,0.855,0.825,0.301
164,Colombia,Latin America and Caribbean,2017,6.157,9.569,0.909,67.4,0.838,-0.157,0.875,0.837,0.299
165,Colombia,Latin America and Caribbean,2016,6.234,9.571,0.882,67.1,0.835,-0.1,0.898,0.794,0.294
166,Colombia,Latin America and Caribbean,2015,6.388,9.564,0.89,66.8,0.791,-0.1,0.843,0.839,0.292
167,Colombia,Latin America and Caribbean,2014,6.449,9.546,0.907,66.58,0.801,-0.09,0.887,0.847,0.278
168,Colombia,Latin America and Caribbean,2013,6.607,9.512,0.901,66.36,0.841,-0.071,0.898,0.851,0.278
169,Colombia,Latin America and Caribbean,2012,6.375,9.471,0.914,66.14,0.828,-0.009,0.868,0.846,0.294
170,Croatia,Central and Eastern Europe,2021,5.882,10.217,0.924,70.799,0.754,-0.118,0.939,0.615,0.29
171,Croatia,Central and Eastern Europe,2020,6.508,10.166,0.923,71.4,0.837,-0.063,0.961,0.743,0.286
172,Croatia,Central and Eastern Europe,2019,5.626,10.258,0.936,70.8,0.739,-0.137,0.932,0.551,0.269
173,Croatia,Central and Eastern Europe,2018,5.536,10.224,0.91,70.2,0.691,-0.151,0.925,0.582,0.29
174,Croatia,Central and Eastern Europe,2017,5.343,10.189,0.77,69.6,0.716,-0.104,0.892,0.655,0.316
175,Croatia,Central and Eastern Europe,2016,5.417,10.146,0.798,69.0,0.672,-0.065,0.884,0.614,0.337
176,Croatia,Central and Eastern Europe,2015,5.205,10.104,0.768,68.4,0.694,-0.096,0.849,0.609,0.294
177,Croatia,Central and Eastern Europe,2014,5.381,10.072,0.646,68.3,0.519,0.132,0.918,0.596,0.286
178,Croatia,Central and Eastern Europe,2013,5.885,10.069,0.751,68.2,0.627,-0.204,0.936,0.59,0.285
179,Croatia,Central and Eastern Europe,2012,6.028,10.072,0.776,68.1,0.542,-0.242,0.924,0.622,0.271
180,Cyprus,Western Europe,2021,6.223,10.576,0.802,73.898,0.763,-0.015,0.844,0.762,0.325
181,Cyprus,Western Europe,2020,6.26,10.517,0.806,74.1,0.763,0.051,0.816,0.759,0.284
182,Cyprus,Western Europe,2019,6.137,10.585,0.776,73.9,0.74,-0.008,0.865,0.763,0.29
183,Cyprus,Western Europe,2018,6.276,10.567,0.826,73.7,0.794,-0.022,0.848,0.75,0.298
184,Cyprus,Western Europe,2017,6.062,10.539,0.819,73.5,0.812,0.043,0.851,0.784,0.301
185,Cyprus,Western Europe,2016,5.795,10.506,0.786,73.3,0.756,-0.03,0.898,0.742,0.336
186,Cyprus,Western Europe,2015,5.439,10.445,0.77,73.1,0.628,0.114,0.893,0.747,0.383
187,Cyprus,Western Europe,2014,5.627,10.406,0.77,72.96,0.715,0.06,0.868,0.737,0.397
188,Cyprus,Western Europe,2013,5.439,10.414,0.744,72.82,0.656,0.102,0.867,0.748,0.42
189,Cyprus,Western Europe,2012,6.181,10.479,0.767,72.68,0.725,0.098,0.871,0.755,0.369
190,Denmark,Western Europe,2021,7.62,10.933,0.954,72.7,0.946,0.03,0.179,0.814,0.197
191,Denmark,Western Europe,2020,7.515,10.91,0.947,73.0,0.938,0.052,0.214,0.818,0.227
192,Denmark,Western Europe,2019,7.693,10.954,0.958,72.7,0.963,0.02,0.174,0.862,0.181
193,Denmark,Western Europe,2018,7.649,10.935,0.958,72.4,0.935,0.018,0.151,0.821,0.206
194,Denmark,Western Europe,2017,7.594,10.916,0.952,72.1,0.955,0.155,0.181,0.824,0.206
195,Denmark,Western Europe,2016,7.558,10.903,0.954,71.8,0.948,0.138,0.21,0.836,0.208
196,Denmark,Western Europe,2015,7.514,10.878,0.96,71.5,0.941,0.222,0.191,0.829,0.218
197,Denmark,Western Europe,2014,7.508,10.862,0.956,71.28,0.942,0.118,0.237,0.832,0.233
198,Denmark,Western Europe,2013,7.589,10.851,0.965,71.06,0.92,0.215,0.17,0.862,0.195
199,Denmark,Western Europe,2012,7.52,10.846,0.951,70.84,0.933,0.139,0.187,0.774,0.209
200,Dominican Republic,Latin America and Caribbean,2021,5.545,9.802,0.853,66.102,0.86,-0.133,0.714,0.766,0.289
201,Dominican Republic,Latin America and Caribbean,2020,5.168,9.802,0.806,66.4,0.835,-0.128,0.636,0.734,0.314
202,Dominican Republic,Latin America and Caribbean,2019,6.004,9.821,0.884,66.1,0.877,-0.123,0.746,0.784,0.264
203,Dominican Republic,Latin America and Caribbean,2018,5.433,9.782,0.862,65.8,0.867,-0.15,0.762,0.745,0.291
204,Dominican Republic,Latin America and Caribbean,2017,5.605,9.725,0.894,65.5,0.855,-0.121,0.76,0.739,0.275
205,Dominican Republic,Latin America and Caribbean,2016,5.239,9.691,0.895,65.2,0.873,-0.08,0.737,0.76,0.278
206,Dominican Republic,Latin America and Caribbean,2015,5.062,9.637,0.893,64.9,0.856,-0.065,0.755,0.714,0.295
207,Dominican Republic,Latin America and Caribbean,2014,5.387,9.582,0.891,64.68,0.905,-0.02,0.76,0.798,0.3
208,Dominican Republic,Latin America and Caribbean,2013,5.016,9.525,0.878,64.46,0.889,0.021,0.752,0.793,0.295
209,Dominican Republic,Latin America and Caribbean,2012,4.753,9.489,0.879,64.24,0.84,-0.062,0.727,0.797,0.297
210,Ecuador,Latin America and Caribbean,2021,5.764,9.313,0.821,68.8,0.842,-0.124,0.843,0.839,0.313
211,Ecuador,Latin America and Caribbean,2020,5.354,9.244,0.804,69.1,0.829,-0.157,0.855,0.79,0.416
212,Ecuador,Latin America and Caribbean,2019,5.809,9.339,0.808,68.8,0.83,-0.115,0.839,0.811,0.374
213,Ecuador,Latin America and Caribbean,2018,6.128,9.355,0.851,68.5,0.869,-0.099,0.831,0.876,0.328
214,Ecuador,Latin America and Caribbean,2017,5.84,9.36,0.849,68.2,0.879,-0.167,0.734,0.829,0.314
215,Ecuador,Latin America and Caribbean,2016,6.115,9.355,0.842,67.9,0.846,-0.015,0.774,0.846,0.365
216,Ecuador,Latin America and Caribbean,2015,5.964,9.384,0.856,67.6,0.801,-0.114,0.666,0.851,0.323
217,Ecuador,Latin America and Caribbean,2014,5.946,9.399,0.831,67.44,0.719,-0.167,0.661,0.859,0.306
218,Ecuador,Latin America and Caribbean,2013,6.019,9.377,0.801,67.28,0.787,-0.191,0.646,0.851,0.267
219,Ecuador,Latin America and Caribbean,2012,5.961,9.344,0.785,67.12,0.825,-0.084,0.73,0.847,0.333
220,Egypt,Middle East and North Africa,2021,4.283,9.367,0.75,61.998,0.749,-0.182,0.795,0.587,0.356
221,Egypt,Middle East and North Africa,2020,4.472,9.383,0.673,62.3,0.77,-0.112,0.824,0.599,0.442
222,Egypt,Middle East and North Africa,2019,4.328,9.373,0.772,62.0,0.774,-0.199,0.824,0.517,0.313
223,Egypt,Middle East and North Africa,2018,4.005,9.338,0.759,61.7,0.682,-0.215,0.824,0.492,0.285
224,Egypt,Middle East and North Africa,2017,3.929,9.307,0.638,61.4,0.593,-0.152,0.824,0.539,0.414
225,Egypt,Middle East and North Africa,2016,4.557,9.287,0.809,61.1,0.656,-0.141,0.818,0.611,0.37
226,Egypt,Middle East and North Africa,2015,4.763,9.266,0.73,60.8,0.659,-0.089,0.684,0.61,0.344
227,Egypt,Middle East and North Africa,2014,4.885,9.245,0.619,60.64,0.578,-0.126,0.749,0.543,0.327
228,Egypt,Middle East and North Africa,2013,3.559,9.239,0.675,60.48,0.474,-0.141,0.913,0.551,0.483
229,Egypt,Middle East and North Africa,2012,4.204,9.24,0.737,60.32,0.452,-0.138,0.88,0.527,0.398
230,El Salvador,Latin America and Caribbean,2021,6.061,9.054,0.762,66.402,0.888,-0.11,0.688,0.841,0.293
231,El Salvador,Latin America and Caribbean,2020,5.462,9.019,0.696,66.7,0.924,-0.126,0.583,0.839,0.329
232,El Salvador,Latin America and Caribbean,2019,6.455,9.08,0.764,66.4,0.877,-0.109,0.682,0.871,0.271
233,El Salvador,Latin America and Caribbean,2018,6.241,9.061,0.82,66.1,0.863,-0.095,0.801,0.86,0.27
234,El Salvador,Latin America and Caribbean,2017,6.339,9.042,0.829,65.8,0.758,-0.172,0.778,0.849,0.268
235,El Salvador,Latin America and Caribbean,2016,6.14,9.025,0.794,65.5,0.8,-0.185,0.797,0.761,0.346
236,El Salvador,Latin America and Caribbean,2015,6.018,9.005,0.791,65.2,0.733,-0.156,0.805,0.826,0.333
237,El Salvador,Latin America and Caribbean,2014,5.857,8.986,0.798,65.0,0.778,-0.194,0.781,0.837,0.33
238,El Salvador,Latin America and Caribbean,2013,6.325,8.974,0.827,64.8,0.716,-0.15,0.772,0.828,0.317
239,El Salvador,Latin America and Caribbean,2012,5.934,8.956,0.806,64.6,0.683,-0.155,0.786,0.831,0.365
240,Estonia,Central and Eastern Europe,2021,6.189,10.481,0.941,68.8,0.909,-0.106,0.527,0.704,0.192
241,Estonia,Central and Eastern Europe,2020,6.453,10.459,0.958,69.0,0.954,-0.082,0.398,0.807,0.188
242,Estonia,Central and Eastern Europe,2019,6.035,10.511,0.934,68.8,0.887,-0.096,0.576,0.804,0.156
243,Estonia,Central and Eastern Europe,2018,6.091,10.472,0.933,68.6,0.886,-0.141,0.621,0.795,0.163
244,Estonia,Central and Eastern Europe,2017,5.938,10.429,0.936,68.4,0.862,-0.101,0.668,0.805,0.16
245,Estonia,Central and Eastern Europe,2016,5.65,10.374,0.938,68.2,0.843,-0.149,0.639,0.726,0.177
246,Estonia,Central and Eastern Europe,2015,5.629,10.348,0.918,68.0,0.815,-0.164,0.569,0.723,0.183
247,Estonia,Central and Eastern Europe,2014,5.556,10.331,0.917,67.74,0.773,-0.153,0.652,0.68,0.203
248,Estonia,Central and Eastern Europe,2013,5.367,10.299,0.901,67.48,0.754,-0.201,0.726,0.702,0.199
249,Estonia,Central and Eastern Europe,2012,5.364,10.282,0.889,67.22,0.697,-0.192,0.793,0.647,0.199
250,Ethiopia,Sub-Saharan Africa,2021,4.275,7.694,0.764,59.0,0.752,0.082,0.761,0.673,0.251
251,Ethiopia,Sub-Saharan Africa,2020,4.549,7.711,0.823,59.5,0.769,0.188,0.784,0.669,0.252
252,Ethiopia,Sub-Saharan Africa,2019,4.1,7.705,0.748,59.0,0.754,0.053,0.732,0.631,0.283
253,Ethiopia,Sub-Saharan Africa,2018,4.379,7.651,0.74,58.5,0.74,0.039,0.799,0.66,0.272
254,Ethiopia,Sub-Saharan Africa,2017,4.18,7.612,0.734,58.0,0.717,0.001,0.757,0.609,0.304
255,Ethiopia,Sub-Saharan Africa,2016,4.298,7.547,0.719,57.5,0.744,0.038,0.703,0.727,0.254
256,Ethiopia,Sub-Saharan Africa,2015,4.573,7.484,0.626,57.0,0.803,0.113,0.567,0.714,0.237
257,Ethiopia,Sub-Saharan Africa,2014,4.507,7.413,0.64,56.4,0.694,0.08,0.702,0.738,0.303
258,Ethiopia,Sub-Saharan Africa,2013,4.445,7.343,0.602,55.8,0.707,-0.008,0.75,0.643,0.213
259,Ethiopia,Sub-Saharan Africa,2012,4.561,7.271,0.659,55.2,0.776,-0.044,0.728,0.668,0.137
260,Finland,Western Europe,2021,7.842,10.775,0.954,72.0,0.949,-0.098,0.186,0.774,0.186
261,Finland,Western Europe,2020,7.889,10.75,0.962,72.1,0.962,-0.116,0.164,0.744,0.193
262,Finland,Western Europe,2019,7.78,10.792,0.937,72.0,0.948,-0.052,0.195,0.755,0.181
263,Finland,Western Europe,2018,7.858,10.783,0.962,71.9,0.938,-0.127,0.199,0.782,0.182
264,Finland,Western Europe,2017,7.788,10.768,0.964,71.8,0.962,-0.002,0.192,0.787,0.176
265,Finland,Western Europe,2016,7.66,10.74,0.954,71.7,0.948,-0.027,0.25,0.797,0.182
266,Finland,Western Europe,2015,7.448,10.716,0.948,71.6,0.93,0.111,0.223,0.751,0.191
267,Finland,Western Europe,2014,7.385,10.714,0.952,71.36,0.933,-0.001,0.265,0.784,0.199
268,Finland,Western Europe,2013,7.445,10.722,0.941,71.12,0.919,0.04,0.306,0.769,0.195
269,Finland,Western Europe,2012,7.42,10.735,0.928,70.88,0.921,-0.001,0.361,0.796,0.202
270,France,Western Europe,2021,6.69,10.704,0.942,74.0,0.822,-0.147,0.571,0.77,0.254
271,France,Western Europe,2020,6.714,10.643,0.947,74.2,0.823,-0.169,0.565,0.732,0.231
272,France,Western Europe,2019,6.69,10.74,0.958,74.0,0.827,-0.133,0.568,0.735,0.25
273,France,Western Europe,2018,6.666,10.727,0.921,73.8,0.816,-0.138,0.582,0.767,0.282
274,France,Western Europe,2017,6.635,10.711,0.931,73.6,0.834,-0.123,0.601,0.762,0.242
275,France,Western Europe,2016,6.475,10.69,0.885,73.4,0.787,-0.091,0.623,0.773,0.27
276,France,Western Europe,2015,6.358,10.682,0.896,73.2,0.817,-0.139,0.641,0.786,0.215
277,France,Western Europe,2014,6.467,10.674,0.878,73.0,0.803,-0.118,0.656,0.811,0.216
278,France,Western Europe,2013,6.667,10.669,0.908,72.8,0.878,-0.125,0.699,0.8,0.205
279,France,Western Europe,2012,6.649,10.669,0.937,72.6,0.841,-0.149,0.608,0.754,0.253
280,Georgia,Commonwealth of Independent States,2021,4.891,9.585,0.671,64.3,0.783,-0.238,0.655,0.534,0.24
281,Georgia,Commonwealth of Independent States,2020,5.123,9.569,0.718,64.1,0.764,-0.221,0.583,0.611,0.295
282,Georgia,Commonwealth of Independent States,2019,4.892,9.617,0.675,64.3,0.811,-0.26,0.647,0.604,0.244
283,Georgia,Commonwealth of Independent States,2018,4.659,9.565,0.617,64.5,0.775,-0.233,0.755,0.573,0.244
284,Georgia,Commonwealth of Independent States,2017,4.451,9.517,0.59,64.7,0.821,-0.244,0.59,0.581,0.21
285,Georgia,Commonwealth of Independent States,2016,4.448,9.47,0.533,64.9,0.606,-0.249,0.561,0.564,0.223
286,Georgia,Commonwealth of Independent States,2015,4.122,9.442,0.517,65.1,0.64,-0.205,0.502,0.547,0.233
287,Georgia,Commonwealth of Independent States,2014,4.288,9.414,0.558,65.04,0.72,-0.233,0.416,0.57,0.204
288,Georgia,Commonwealth of Independent States,2013,4.349,9.371,0.559,64.98,0.722,-0.254,0.349,0.595,0.2
289,Georgia,Commonwealth of Independent States,2012,4.254,9.332,0.533,64.92,0.659,-0.269,0.321,0.559,0.25
290,Germany,Western Europe,2021,7.155,10.873,0.903,72.5,0.875,0.011,0.46,0.769,0.202
291,Germany,Western Europe,2020,7.312,10.833,0.905,72.8,0.864,-0.06,0.424,0.76,0.206
292,Germany,Western Europe,2019,7.035,10.893,0.886,72.5,0.885,0.057,0.462,0.751,0.226
293,Germany,Western Europe,2018,7.118,10.89,0.92,72.2,0.877,0.034,0.496,0.78,0.243
294,Germany,Western Europe,2017,7.074,10.878,0.892,71.9,0.841,0.145,0.414,0.737,0.196
295,Germany,Western Europe,2016,6.874,10.858,0.906,71.6,0.871,0.148,0.446,0.738,0.187
296,Germany,Western Europe,2015,7.037,10.844,0.926,71.3,0.889,0.178,0.412,0.765,0.203
297,Germany,Western Europe,2014,6.984,10.835,0.938,71.22,0.899,0.088,0.474,0.785,0.188
298,Germany,Western Europe,2013,6.965,10.817,0.931,71.14,0.894,0.024,0.566,0.743,0.205
299,Germany,Western Europe,2012,6.702,10.816,0.926,71.06,0.904,0.071,0.679,0.804,0.17
300,Ghana,Sub-Saharan Africa,2021,5.088,8.58,0.727,57.586,0.807,0.123,0.848,0.715,0.227
301,Ghana,Sub-Saharan Africa,2020,5.319,8.59,0.643,58.0,0.824,0.2,0.847,0.713,0.253
302,Ghana,Sub-Saharan Africa,2019,4.967,8.596,0.746,57.6,0.787,0.116,0.857,0.682,0.27
303,Ghana,Sub-Saharan Africa,2018,5.004,8.555,0.761,57.2,0.817,0.062,0.846,0.747,0.25
304,Ghana,Sub-Saharan Africa,2017,5.481,8.517,0.669,56.8,0.783,0.079,0.839,0.703,0.248
305,Ghana,Sub-Saharan Africa,2016,4.514,8.46,0.647,56.4,0.751,0.09,0.894,0.668,0.305
306,Ghana,Sub-Saharan Africa,2015,3.986,8.449,0.687,56.0,0.852,-0.038,0.945,0.69,0.265
307,Ghana,Sub-Saharan Africa,2014,3.86,8.45,0.651,55.62,0.677,0.001,0.913,0.696,0.28
308,Ghana,Sub-Saharan Africa,2013,4.965,8.445,0.676,55.24,0.794,-0.065,0.88,0.691,0.211
309,Ghana,Sub-Saharan Africa,2012,5.057,8.397,0.685,54.86,0.679,0.04,0.898,0.76,0.152
310,Greece,Western Europe,2021,5.723,10.279,0.823,72.6,0.582,-0.288,0.823,0.666,0.309
311,Greece,Western Europe,2020,5.788,10.215,0.779,72.8,0.565,-0.241,0.764,0.684,0.322
312,Greece,Western Europe,2019,5.952,10.319,0.891,72.6,0.614,-0.289,0.848,0.668,0.236
313,Greece,Western Europe,2018,5.409,10.299,0.794,72.4,0.564,-0.335,0.86,0.666,0.255
314,Greece,Western Europe,2017,5.148,10.278,0.753,72.2,0.438,-0.29,0.872,0.603,0.333
315,Greece,Western Europe,2016,5.303,10.261,0.803,72.0,0.482,-0.26,0.898,0.701,0.336
316,Greece,Western Europe,2015,5.623,10.259,0.835,71.8,0.532,-0.272,0.824,0.74,0.277
317,Greece,Western Europe,2014,4.756,10.257,0.832,71.74,0.369,-0.288,0.93,0.695,0.385
318,Greece,Western Europe,2013,4.72,10.243,0.687,71.68,0.426,-0.272,0.941,0.689,0.482
319,Greece,Western Europe,2012,5.096,10.268,0.812,71.62,0.373,-0.305,0.959,0.581,0.352
320,Hungary,Central and Eastern Europe,2021,5.992,10.358,0.943,68.0,0.755,-0.186,0.876,0.686,0.246
321,Hungary,Central and Eastern Europe,2020,6.038,10.335,0.943,68.4,0.771,-0.12,0.836,0.735,0.24
322,Hungary,Central and Eastern Europe,2019,6.0,10.393,0.947,68.0,0.798,-0.195,0.884,0.743,0.18
323,Hungary,Central and Eastern Europe,2018,5.936,10.344,0.941,67.6,0.693,-0.243,0.911,0.676,0.201
324,Hungary,Central and Eastern Europe,2017,6.065,10.293,0.877,67.2,0.661,-0.139,0.886,0.735,0.181
325,Hungary,Central and Eastern Europe,2016,5.449,10.248,0.9,66.8,0.554,-0.187,0.924,0.666,0.243
326,Hungary,Central and Eastern Europe,2015,5.344,10.223,0.859,66.4,0.558,-0.198,0.908,0.707,0.245
327,Hungary,Central and Eastern Europe,2014,5.181,10.183,0.845,66.24,0.494,-0.15,0.855,0.651,0.238
328,Hungary,Central and Eastern Europe,2013,4.914,10.14,0.877,66.08,0.674,-0.113,0.912,0.706,0.307
329,Hungary,Central and Eastern Europe,2012,4.683,10.117,0.906,65.92,0.569,-0.136,0.93,0.652,0.315
330,India,South Asia,2021,3.819,8.755,0.603,60.633,0.893,0.089,0.774,0.687,0.308
331,India,South Asia,2020,4.225,8.703,0.617,60.9,0.906,0.075,0.78,0.752,0.383
332,India,South Asia,2019,3.249,8.818,0.561,60.5,0.876,0.112,0.752,0.648,0.466
333,India,South Asia,2018,3.818,8.779,0.638,60.1,0.89,0.085,0.805,0.657,0.357
334,India,South Asia,2017,4.046,8.73,0.607,59.7,0.886,-0.042,0.781,0.682,0.318
335,India,South Asia,2016,4.179,8.673,0.614,59.3,0.82,0.046,0.765,0.695,0.346
336,India,South Asia,2015,4.342,8.604,0.61,58.9,0.777,-0.005,0.776,0.701,0.322
337,India,South Asia,2014,4.424,8.538,0.621,58.6,0.809,-0.026,0.832,0.711,0.285
338,India,South Asia,2013,4.428,8.478,0.553,58.3,0.74,0.084,0.832,0.68,0.33
339,India,South Asia,2012,4.72,8.428,0.511,58.0,0.609,0.067,0.83,0.629,0.295
340,Iran,Middle East and North Africa,2021,4.721,9.584,0.71,66.3,0.608,0.218,0.714,0.622,0.462
341,Iran,Middle East and North Africa,2020,4.865,9.498,0.757,66.6,0.6,0.174,0.71,0.582,0.47
342,Iran,Middle East and North Africa,2019,5.006,9.498,0.698,66.3,0.623,0.174,0.728,0.6,0.449
343,Iran,Middle East and North Africa,2018,4.278,9.498,0.674,66.0,0.603,0.174,0.703,0.553,0.493
344,Iran,Middle East and North Africa,2017,4.717,9.584,0.714,65.7,0.731,0.218,0.715,0.694,0.439
345,Iran,Middle East and North Africa,2016,4.653,9.561,0.566,65.4,0.773,0.186,0.713,0.687,0.526
346,Iran,Middle East and North Africa,2015,4.75,9.449,0.572,65.1,0.78,0.176,0.699,0.645,0.52
347,Iran,Middle East and North Africa,2014,4.682,9.476,0.644,64.86,0.767,0.241,0.64,0.618,0.512
348,Iran,Middle East and North Africa,2013,5.14,9.443,0.664,64.62,0.73,0.216,0.685,0.659,0.552
349,Iran,Middle East and North Africa,2012,4.609,9.458,0.6,64.38,0.764,0.174,0.678,0.609,0.525
350,Ireland,Western Europe,2021,7.085,11.342,0.947,72.4,0.879,0.077,0.363,0.832,0.216
351,Ireland,Western Europe,2020,7.035,11.323,0.96,72.5,0.882,0.014,0.356,0.797,0.246
352,Ireland,Western Europe,2019,7.255,11.371,0.944,72.4,0.892,0.074,0.373,0.807,0.223
353,Ireland,Western Europe,2018,6.962,11.332,0.938,72.3,0.861,0.144,0.362,0.811,0.213
354,Ireland,Western Europe,2017,7.06,11.266,0.943,72.2,0.905,0.216,0.337,0.833,0.213
355,Ireland,Western Europe,2016,7.041,11.199,0.958,72.1,0.875,0.174,0.399,0.809,0.211
356,Ireland,Western Europe,2015,6.83,11.174,0.953,72.0,0.892,0.233,0.409,0.799,0.225
357,Ireland,Western Europe,2014,7.018,10.959,0.968,71.9,0.922,0.264,0.406,0.784,0.229
358,Ireland,Western Europe,2013,6.76,10.884,0.955,71.8,0.884,0.331,0.558,0.814,0.245
359,Ireland,Western Europe,2012,6.965,10.876,0.962,71.7,0.902,0.302,0.573,0.835,0.237
360,Israel,Middle East and North Africa,2021,7.157,10.575,0.939,73.503,0.8,0.031,0.753,0.673,0.309
361,Israel,Middle East and North Africa,2020,7.195,10.538,0.959,73.7,0.831,-0.049,0.748,0.621,0.243
362,Israel,Middle East and North Africa,2019,7.332,10.601,0.946,73.5,0.834,0.085,0.743,0.635,0.266
363,Israel,Middle East and North Africa,2018,6.927,10.585,0.91,73.3,0.725,0.055,0.77,0.663,0.282
364,Israel,Middle East and North Africa,2017,7.331,10.57,0.916,73.1,0.768,0.145,0.793,0.674,0.276
365,Israel,Middle East and North Africa,2016,7.159,10.555,0.89,72.9,0.772,0.153,0.804,0.629,0.263
366,Israel,Middle East and North Africa,2015,7.079,10.536,0.864,72.7,0.753,0.108,0.789,0.697,0.256
367,Israel,Middle East and North Africa,2014,7.401,10.533,0.889,72.64,0.707,0.094,0.818,0.604,0.271
368,Israel,Middle East and North Africa,2013,7.321,10.515,0.909,72.58,0.739,0.15,0.849,0.698,0.409
369,Israel,Middle East and North Africa,2012,7.111,10.493,0.903,72.52,0.681,0.153,0.862,0.665,0.319
370,Italy,Western Europe,2021,6.483,10.623,0.88,73.8,0.693,-0.084,0.866,0.681,0.319
371,Italy,Western Europe,2020,6.488,10.563,0.89,74.0,0.718,-0.15,0.844,0.67,0.311
372,Italy,Western Europe,2019,6.445,10.655,0.838,73.8,0.709,-0.082,0.866,0.631,0.328
373,Italy,Western Europe,2018,6.517,10.65,0.913,73.6,0.65,-0.021,0.888,0.649,0.403
374,Italy,Western Europe,2017,6.199,10.64,0.92,73.4,0.633,-0.035,0.867,0.661,0.323
375,Italy,Western Europe,2016,5.955,10.622,0.927,73.2,0.624,-0.081,0.903,0.685,0.339
376,Italy,Western Europe,2015,5.848,10.608,0.909,73.0,0.575,-0.064,0.913,0.692,0.329
377,Italy,Western Europe,2014,6.027,10.599,0.898,72.96,0.624,-0.065,0.92,0.716,0.356
378,Italy,Western Europe,2013,6.009,10.608,0.916,72.92,0.499,-0.102,0.943,0.779,0.357
379,Italy,Western Europe,2012,5.839,10.638,0.869,72.88,0.57,0.113,0.908,0.67,0.388
380,Japan,East Asia,2021,5.94,10.611,0.884,75.1,0.796,-0.258,0.638,0.76,0.182
381,Japan,East Asia,2020,6.118,10.58,0.887,75.2,0.806,-0.259,0.609,0.742,0.186
382,Japan,East Asia,2019,5.908,10.632,0.878,75.1,0.806,-0.255,0.617,0.743,0.194
383,Japan,East Asia,2018,5.794,10.623,0.886,75.0,0.773,-0.261,0.687,0.703,0.185
384,Japan,East Asia,2017,5.911,10.618,0.882,74.9,0.849,-0.206,0.659,0.74,0.176
385,Japan,East Asia,2016,5.955,10.595,0.9,74.8,0.836,-0.062,0.698,0.76,0.192
386,Japan,East Asia,2015,5.88,10.588,0.923,74.7,0.832,-0.155,0.654,0.768,0.176
387,Japan,East Asia,2014,5.923,10.575,0.9,74.52,0.838,-0.139,0.617,0.742,0.189
388,Japan,East Asia,2013,5.959,10.57,0.924,74.34,0.821,-0.147,0.65,0.794,0.175
389,Japan,East Asia,2012,5.968,10.549,0.905,74.16,0.753,-0.169,0.692,0.777,0.171
390,Jordan,Middle East and North Africa,2021,4.395,9.182,0.767,67.0,0.755,-0.167,0.705,0.651,0.303
391,Jordan,Middle East and North Africa,2020,4.094,9.15,0.709,67.2,0.779,-0.15,0.697,0.651,0.303
392,Jordan,Middle East and North Africa,2019,4.453,9.201,0.793,67.0,0.726,-0.165,0.697,0.651,0.303
393,Jordan,Middle East and North Africa,2018,4.639,9.196,0.8,66.8,0.762,-0.186,0.697,0.651,0.303
394,Jordan,Middle East and North Africa,2017,4.808,9.194,0.815,66.6,0.766,-0.152,0.697,0.628,0.392
395,Jordan,Middle East and North Africa,2016,5.271,9.197,0.82,66.4,0.771,-0.038,0.697,0.641,0.312
396,Jordan,Middle East and North Africa,2015,5.405,9.207,0.83,66.2,0.767,-0.046,0.697,0.69,0.305
397,Jordan,Middle East and North Africa,2014,5.333,9.222,0.816,65.9,0.729,-0.104,0.697,0.66,0.313
398,Jordan,Middle East and North Africa,2013,5.172,9.237,0.84,65.6,0.692,-0.117,0.697,0.684,0.286
399,Jordan,Middle East and North Africa,2012,5.132,9.261,0.829,65.3,0.693,-0.16,0.697,0.565,0.345
400,Kazakhstan,Commonwealth of Independent States,2021,6.152,10.155,0.952,65.2,0.853,-0.069,0.733,0.703,0.162
401,Kazakhstan,Commonwealth of Independent States,2020,6.168,10.135,0.966,65.8,0.872,-0.056,0.661,0.684,0.15
402,Kazakhstan,Commonwealth of Independent States,2019,6.272,10.179,0.951,65.2,0.852,-0.055,0.708,0.787,0.139
403,Kazakhstan,Commonwealth of Independent States,2018,6.008,10.148,0.937,64.6,0.84,-0.098,0.824,0.693,0.162
404,Kazakhstan,Commonwealth of Independent States,2017,5.882,10.121,0.914,64.0,0.745,-0.035,0.755,0.757,0.171
405,Kazakhstan,Commonwealth of Independent States,2016,5.534,10.095,0.928,63.4,0.783,-0.036,0.702,0.702,0.155
406,Kazakhstan,Commonwealth of Independent States,2015,5.95,10.098,0.931,62.8,0.74,-0.037,0.714,0.73,0.174
407,Kazakhstan,Commonwealth of Independent States,2014,5.97,10.101,0.795,62.28,0.799,0.004,0.805,0.718,0.169
408,Kazakhstan,Commonwealth of Independent States,2013,5.835,10.074,0.889,61.76,0.782,-0.229,0.82,0.674,0.164
409,Kazakhstan,Commonwealth of Independent States,2012,5.759,10.03,0.892,61.24,0.84,-0.171,0.877,0.74,0.184
410,Kenya,Sub-Saharan Africa,2021,4.607,8.361,0.688,60.704,0.779,0.287,0.825,0.754,0.202
411,Kenya,Sub-Saharan Africa,2020,4.547,8.365,0.674,61.3,0.702,0.26,0.837,0.733,0.297
412,Kenya,Sub-Saharan Africa,2019,4.619,8.373,0.676,60.7,0.818,0.31,0.794,0.751,0.251
413,Kenya,Sub-Saharan Africa,2018,4.656,8.344,0.707,60.1,0.821,0.291,0.844,0.759,0.237
414,Kenya,Sub-Saharan Africa,2017,4.476,8.306,0.715,59.5,0.853,0.234,0.854,0.788,0.23
415,Kenya,Sub-Saharan Africa,2016,4.396,8.282,0.706,58.9,0.749,0.298,0.828,0.743,0.226
416,Kenya,Sub-Saharan Africa,2015,4.358,8.249,0.777,58.3,0.793,0.221,0.853,0.702,0.172
417,Kenya,Sub-Saharan Africa,2014,4.905,8.219,0.765,57.74,0.819,0.172,0.849,0.814,0.221
418,Kenya,Sub-Saharan Africa,2013,3.795,8.192,0.825,57.18,0.708,0.212,0.861,0.765,0.161
419,Kenya,Sub-Saharan Africa,2012,4.547,8.161,0.831,56.62,0.628,0.066,0.911,0.707,0.194
420,Kosovo,Central and Eastern Europe,2021,6.372,9.318,0.821,63.813,0.869,0.257,0.917,0.694,0.179
421,Kosovo,Central and Eastern Europe,2020,6.294,9.141,0.792,63.813,0.88,0.14,0.91,0.726,0.201
422,Kosovo,Central and Eastern Europe,2019,6.425,9.339,0.843,63.813,0.841,0.247,0.92,0.749,0.141
423,Kosovo,Central and Eastern Europe,2018,6.392,9.296,0.822,63.813,0.89,0.269,0.922,0.778,0.17
424,Kosovo,Central and Eastern Europe,2017,6.149,9.262,0.792,63.813,0.858,0.117,0.925,0.738,0.186
425,Kosovo,Central and Eastern Europe,2016,5.759,9.228,0.824,63.813,0.827,0.125,0.941,0.704,0.15
426,Kosovo,Central and Eastern Europe,2015,5.077,9.182,0.805,63.813,0.561,0.181,0.851,0.753,0.18
427,Kosovo,Central and Eastern Europe,2014,5.0,9.129,0.706,63.813,0.441,0.012,0.775,0.636,0.206
428,Kosovo,Central and Eastern Europe,2013,6.126,9.113,0.721,63.813,0.568,0.115,0.935,0.692,0.203
429,Kosovo,Central and Eastern Europe,2012,5.64,9.086,0.757,63.813,0.636,0.027,0.95,0.596,0.1
430,Kyrgyzstan,Commonwealth of Independent States,2021,5.744,8.538,0.893,64.401,0.935,0.119,0.908,0.709,0.167
431,Kyrgyzstan,Commonwealth of Independent States,2020,6.25,8.503,0.902,64.7,0.935,0.103,0.931,0.803,0.258
432,Kyrgyzstan,Commonwealth of Independent States,2019,5.685,8.567,0.877,64.4,0.92,-0.002,0.885,0.766,0.207
433,Kyrgyzstan,Commonwealth of Independent States,2018,5.297,8.543,0.898,64.1,0.945,0.267,0.907,0.763,0.203
434,Kyrgyzstan,Commonwealth of Independent States,2017,5.63,8.526,0.883,63.8,0.859,0.143,0.874,0.755,0.16
435,Kyrgyzstan,Commonwealth of Independent States,2016,4.857,8.5,0.914,63.5,0.814,0.056,0.917,0.778,0.126
436,Kyrgyzstan,Commonwealth of Independent States,2015,4.905,8.477,0.857,63.2,0.813,0.2,0.858,0.767,0.173
437,Kyrgyzstan,Commonwealth of Independent States,2014,5.252,8.46,0.898,62.78,0.736,0.355,0.897,0.725,0.185
438,Kyrgyzstan,Commonwealth of Independent States,2013,5.402,8.441,0.851,62.36,0.755,-0.085,0.9,0.722,0.135
439,Kyrgyzstan,Commonwealth of Independent States,2012,5.208,8.357,0.856,61.94,0.703,-0.079,0.892,0.691,0.182
440,Latvia,Central and Eastern Europe,2021,6.032,10.315,0.927,67.1,0.715,-0.162,0.8,0.619,0.224
441,Latvia,Central and Eastern Europe,2020,6.229,10.3,0.928,67.4,0.82,-0.078,0.809,0.714,0.202
442,Latvia,Central and Eastern Europe,2019,5.97,10.336,0.936,67.1,0.698,-0.194,0.789,0.575,0.212
443,Latvia,Central and Eastern Europe,2018,5.901,10.307,0.913,66.8,0.608,-0.212,0.799,0.585,0.192
444,Latvia,Central and Eastern Europe,2017,5.978,10.257,0.895,66.5,0.7,-0.154,0.798,0.623,0.232
445,Latvia,Central and Eastern Europe,2016,5.94,10.211,0.917,66.2,0.685,-0.156,0.868,0.654,0.231
446,Latvia,Central and Eastern Europe,2015,5.881,10.185,0.879,65.9,0.656,-0.077,0.808,0.608,0.228
447,Latvia,Central and Eastern Europe,2014,5.729,10.144,0.881,65.64,0.671,-0.043,0.804,0.652,0.226
448,Latvia,Central and Eastern Europe,2013,5.07,10.116,0.834,65.38,0.631,-0.073,0.837,0.642,0.227
449,Latvia,Central and Eastern Europe,2012,5.125,10.082,0.851,65.12,0.564,-0.038,0.895,0.56,0.232
450,Lithuania,Central and Eastern Europe,2021,6.255,10.499,0.935,67.906,0.773,-0.203,0.826,0.576,0.26
451,Lithuania,Central and Eastern Europe,2020,6.391,10.504,0.953,68.5,0.824,-0.122,0.829,0.66,0.202
452,Lithuania,Central and Eastern Europe,2019,6.064,10.518,0.918,67.9,0.78,-0.251,0.783,0.566,0.276
453,Lithuania,Central and Eastern Europe,2018,6.309,10.474,0.929,67.3,0.699,-0.237,0.852,0.517,0.214
454,Lithuania,Central and Eastern Europe,2017,6.273,10.429,0.926,66.7,0.749,-0.174,0.79,0.608,0.195
455,Lithuania,Central and Eastern Europe,2016,5.866,10.373,0.938,66.1,0.614,-0.266,0.949,0.594,0.25
456,Lithuania,Central and Eastern Europe,2015,5.711,10.335,0.929,65.5,0.641,-0.254,0.924,0.595,0.276
457,Lithuania,Central and Eastern Europe,2014,6.126,10.306,0.908,65.3,0.508,-0.263,0.956,0.619,0.287
458,Lithuania,Central and Eastern Europe,2013,5.596,10.263,0.913,65.1,0.556,-0.237,0.936,0.581,0.294
459,Lithuania,Central and Eastern Europe,2012,5.771,10.218,0.919,64.9,0.503,-0.273,0.957,0.581,0.277
460,Malta,Western Europe,2021,6.602,10.674,0.931,72.2,0.927,0.133,0.653,0.693,0.355
461,Malta,Western Europe,2020,6.157,10.515,0.938,72.2,0.931,0.296,0.675,0.601,0.411
462,Malta,Western Europe,2019,6.733,10.677,0.922,72.2,0.924,0.087,0.689,0.707,0.356
463,Malta,Western Europe,2018,6.91,10.67,0.932,72.2,0.927,0.179,0.595,0.721,0.296
464,Malta,Western Europe,2017,6.676,10.635,0.937,72.2,0.924,0.253,0.69,0.721,0.302
465,Malta,Western Europe,2016,6.591,10.599,0.93,72.2,0.916,0.345,0.696,0.687,0.355
466,Malta,Western Europe,2015,6.613,10.566,0.919,72.2,0.912,0.347,0.664,0.68,0.355
467,Malta,Western Europe,2014,6.452,10.486,0.941,72.08,0.904,0.404,0.67,0.652,0.352
468,Malta,Western Europe,2013,6.38,10.422,0.942,71.96,0.909,0.41,0.666,0.66,0.37
469,Malta,Western Europe,2012,5.963,10.389,0.922,71.84,0.861,0.352,0.666,0.744,0.391
470,Mexico,Latin America and Caribbean,2021,6.317,9.859,0.831,68.597,0.862,-0.147,0.799,0.821,0.232
471,Mexico,Latin America and Caribbean,2020,5.964,9.782,0.779,68.9,0.873,-0.119,0.778,0.81,0.292
472,Mexico,Latin America and Caribbean,2019,6.432,9.891,0.852,68.6,0.903,-0.141,0.809,0.864,0.252
473,Mexico,Latin America and Caribbean,2018,6.55,9.903,0.858,68.3,0.816,-0.179,0.809,0.882,0.213
474,Mexico,Latin America and Caribbean,2017,6.41,9.893,0.8,68.0,0.861,-0.202,0.801,0.843,0.231
475,Mexico,Latin America and Caribbean,2016,6.824,9.884,0.893,67.7,0.752,-0.153,0.809,0.859,0.22
476,Mexico,Latin America and Caribbean,2015,6.236,9.867,0.761,67.4,0.719,-0.152,0.708,0.745,0.237
477,Mexico,Latin America and Caribbean,2014,6.68,9.847,0.782,67.22,0.779,-0.094,0.63,0.802,0.229
478,Mexico,Latin America and Caribbean,2013,7.443,9.832,0.759,67.04,0.739,-0.165,0.615,0.79,0.223
479,Mexico,Latin America and Caribbean,2012,7.32,9.832,0.767,66.86,0.788,-0.093,0.633,0.784,0.278
480,Moldova,Commonwealth of Independent States,2021,5.766,9.454,0.857,65.699,0.822,-0.079,0.918,0.597,0.278
481,Moldova,Commonwealth of Independent States,2020,5.812,9.462,0.874,66.4,0.859,-0.058,0.941,0.727,0.268
482,Moldova,Commonwealth of Independent States,2019,5.803,9.475,0.809,65.7,0.784,-0.092,0.884,0.631,0.262
483,Moldova,Commonwealth of Independent States,2018,5.682,9.423,0.892,65.0,0.824,-0.084,0.929,0.582,0.27
484,Moldova,Commonwealth of Independent States,2017,5.326,9.363,0.831,64.3,0.553,-0.053,0.926,0.581,0.259
485,Moldova,Commonwealth of Independent States,2016,5.578,9.3,0.837,63.6,0.557,-0.047,0.969,0.621,0.275
486,Moldova,Commonwealth of Independent States,2015,6.017,9.246,0.84,62.9,0.595,-0.09,0.943,0.59,0.281
487,Moldova,Commonwealth of Independent States,2014,5.917,9.241,0.805,62.58,0.623,-0.113,0.925,0.583,0.26
488,Moldova,Commonwealth of Independent States,2013,5.756,9.192,0.803,62.26,0.658,-0.069,0.941,0.582,0.261
489,Moldova,Commonwealth of Independent States,2012,5.996,9.105,0.826,61.94,0.602,-0.05,0.955,0.568,0.314
490,Mongolia,East Asia,2021,5.677,9.4,0.935,62.5,0.708,0.116,0.856,0.657,0.186
491,Mongolia,East Asia,2020,6.011,9.396,0.918,62.7,0.718,0.141,0.843,0.636,0.26
492,Mongolia,East Asia,2019,5.563,9.418,0.946,62.5,0.711,0.149,0.873,0.707,0.167
493,Mongolia,East Asia,2018,5.465,9.386,0.942,62.3,0.696,0.054,0.849,0.654,0.192
494,Mongolia,East Asia,2017,5.334,9.334,0.924,62.1,0.675,0.119,0.865,0.675,0.214
495,Mongolia,East Asia,2016,5.057,9.3,0.947,61.9,0.76,0.09,0.9,0.694,0.171
496,Mongolia,East Asia,2015,4.983,9.308,0.906,61.7,0.686,0.173,0.9,0.653,0.208
497,Mongolia,East Asia,2014,4.825,9.304,0.943,61.4,0.752,0.146,0.909,0.627,0.17
498,Mongolia,East Asia,2013,4.913,9.248,0.935,61.1,0.748,0.136,0.928,0.649,0.179
499,Mongolia,East Asia,2012,4.885,9.158,0.919,60.8,0.688,0.107,0.932,0.689,0.181
500,Montenegro,Central and Eastern Europe,2021,5.581,9.94,0.858,68.699,0.708,-0.034,0.812,0.583,0.368
501,Montenegro,Central and Eastern Europe,2020,5.722,9.913,0.887,68.9,0.802,0.06,0.845,0.603,0.411
502,Montenegro,Central and Eastern Europe,2019,5.386,9.97,0.832,68.7,0.694,-0.105,0.82,0.591,0.366
503,Montenegro,Central and Eastern Europe,2018,5.65,9.934,0.856,68.5,0.626,-0.051,0.769,0.59,0.355
504,Montenegro,Central and Eastern Europe,2017,5.615,9.885,0.881,68.3,0.626,-0.083,0.756,0.519,0.35
505,Montenegro,Central and Eastern Europe,2016,5.304,9.839,0.866,68.1,0.569,-0.087,0.849,0.591,0.337
506,Montenegro,Central and Eastern Europe,2015,5.125,9.81,0.74,67.9,0.583,-0.144,0.781,0.58,0.337
507,Montenegro,Central and Eastern Europe,2014,5.283,9.777,0.863,67.74,0.503,0.097,0.768,0.587,0.368
508,Montenegro,Central and Eastern Europe,2013,5.074,9.76,0.736,67.58,0.502,-0.176,0.693,0.539,0.331
509,Montenegro,Central and Eastern Europe,2012,5.219,9.726,0.704,67.42,0.462,-0.192,0.755,0.574,0.379
510,Myanmar,Southeast Asia,2021,4.426,8.541,0.779,59.302,0.876,0.509,0.66,0.797,0.252
511,Myanmar,Southeast Asia,2020,4.431,8.554,0.796,59.6,0.825,0.47,0.647,0.8,0.289
512,Myanmar,Southeast Asia,2019,4.434,8.545,0.763,59.3,0.899,0.561,0.682,0.755,0.286
513,Myanmar,Southeast Asia,2018,4.411,8.523,0.774,59.0,0.906,0.49,0.647,0.777,0.3
514,Myanmar,Southeast Asia,2017,4.154,8.464,0.795,58.7,0.886,0.65,0.619,0.746,0.282
515,Myanmar,Southeast Asia,2016,4.623,8.408,0.793,58.4,0.877,0.679,0.607,0.804,0.302
516,Myanmar,Southeast Asia,2015,4.224,8.359,0.752,58.1,0.808,0.688,0.633,0.866,0.272
517,Myanmar,Southeast Asia,2014,4.786,8.299,0.774,57.74,0.838,0.698,0.592,0.858,0.112
518,Myanmar,Southeast Asia,2013,4.176,8.23,0.757,57.38,0.775,0.689,0.638,0.803,0.217
519,Myanmar,Southeast Asia,2012,4.439,8.158,0.612,57.02,0.691,0.645,0.695,0.764,0.205
520,Netherlands,Western Europe,2021,7.464,10.932,0.942,72.4,0.913,0.175,0.338,0.842,0.213
521,Netherlands,Western Europe,2020,7.504,10.901,0.944,72.5,0.935,0.151,0.281,0.784,0.247
522,Netherlands,Western Europe,2019,7.425,10.953,0.941,72.4,0.886,0.213,0.36,0.838,0.231
523,Netherlands,Western Europe,2018,7.463,10.941,0.939,72.3,0.92,0.161,0.371,0.862,0.205
524,Netherlands,Western Europe,2017,7.459,10.921,0.937,72.2,0.92,0.25,0.363,0.852,0.185
525,Netherlands,Western Europe,2016,7.541,10.899,0.926,72.1,0.907,0.239,0.433,0.838,0.215
526,Netherlands,Western Europe,2015,7.324,10.882,0.879,72.0,0.904,0.261,0.412,0.834,0.202
527,Netherlands,Western Europe,2014,7.321,10.867,0.909,71.88,0.91,0.331,0.457,0.868,0.221
528,Netherlands,Western Europe,2013,7.407,10.857,0.925,71.76,0.919,0.305,0.505,0.867,0.235
529,Netherlands,Western Europe,2012,7.471,10.861,0.939,71.64,0.877,0.288,0.434,0.861,0.226
530,New Zealand,North America and ANZ,2021,7.277,10.643,0.948,73.4,0.929,0.134,0.242,0.846,0.2
531,New Zealand,North America and ANZ,2020,7.257,10.6,0.952,73.6,0.918,0.125,0.283,0.849,0.209
532,New Zealand,North America and ANZ,2019,7.205,10.666,0.939,73.4,0.912,0.157,0.234,0.816,0.191
533,New Zealand,North America and ANZ,2018,7.37,10.66,0.954,73.2,0.949,0.12,0.207,0.845,0.168
534,New Zealand,North America and ANZ,2017,7.327,10.633,0.955,73.0,0.942,0.294,0.222,0.817,0.172
535,New Zealand,North America and ANZ,2016,7.226,10.623,0.937,72.8,0.927,0.266,0.278,0.833,0.207
536,New Zealand,North America and ANZ,2015,7.418,10.608,0.987,72.6,0.942,0.329,0.186,0.834,0.16
537,New Zealand,North America and ANZ,2014,7.306,10.592,0.942,72.48,0.932,0.348,0.273,0.848,0.199
538,New Zealand,North America and ANZ,2013,7.28,10.571,0.958,72.36,0.944,0.237,0.312,0.835,0.151
539,New Zealand,North America and ANZ,2012,7.25,10.553,0.93,72.24,0.902,0.287,0.289,0.866,0.207
540,North Macedonia,Central and Eastern Europe,2021,5.101,9.693,0.805,65.474,0.751,0.038,0.905,0.594,0.324
541,North Macedonia,Central and Eastern Europe,2020,5.054,9.69,0.75,65.56,0.787,0.131,0.877,0.605,0.365
542,North Macedonia,Central and Eastern Europe,2019,5.015,9.711,0.815,65.474,0.725,0.024,0.923,0.576,0.304
543,North Macedonia,Central and Eastern Europe,2018,5.24,9.677,0.849,65.389,0.745,-0.041,0.91,0.59,0.298
544,North Macedonia,Central and Eastern Europe,2017,5.234,9.65,0.8,65.303,0.752,-0.059,0.856,0.502,0.299
545,North Macedonia,Central and Eastern Europe,2016,5.346,9.64,0.871,65.225,0.706,0.08,0.87,0.639,0.292
546,North Macedonia,Central and Eastern Europe,2015,4.976,9.613,0.766,65.145,0.66,-0.047,0.824,0.62,0.299
547,North Macedonia,Central and Eastern Europe,2014,5.204,9.576,0.793,65.053,0.645,0.035,0.861,0.637,0.307
548,North Macedonia,Central and Eastern Europe,2013,5.186,9.541,0.832,64.942,0.641,0.025,0.861,0.578,0.331
549,North Macedonia,Central and Eastern Europe,2012,4.64,9.513,0.798,64.811,0.613,-0.084,0.92,0.642,0.422
550,Philippines,Southeast Asia,2021,5.88,9.076,0.83,62.0,0.917,-0.097,0.742,0.815,0.342
551,Philippines,Southeast Asia,2020,5.08,9.061,0.781,62.1,0.932,-0.116,0.744,0.804,0.327
552,Philippines,Southeast Asia,2019,6.268,9.095,0.845,62.0,0.91,-0.083,0.748,0.781,0.341
553,Philippines,Southeast Asia,2018,5.869,9.05,0.846,61.9,0.918,-0.108,0.726,0.773,0.393
554,Philippines,Southeast Asia,2017,5.594,9.002,0.851,61.8,0.926,-0.141,0.711,0.769,0.341
555,Philippines,Southeast Asia,2016,5.431,8.95,0.821,61.7,0.908,-0.071,0.792,0.821,0.29
556,Philippines,Southeast Asia,2015,5.547,8.896,0.854,61.6,0.912,-0.051,0.755,0.805,0.351
557,Philippines,Southeast Asia,2014,5.313,8.85,0.813,61.4,0.902,-0.015,0.787,0.813,0.334
558,Philippines,Southeast Asia,2013,4.977,8.805,0.846,61.2,0.907,0.021,0.756,0.799,0.332
559,Philippines,Southeast Asia,2012,5.002,8.756,0.813,61.0,0.914,0.053,0.771,0.865,0.351
560,Poland,Central and Eastern Europe,2021,6.166,10.382,0.898,69.702,0.841,-0.165,0.735,0.742,0.235
561,Poland,Central and Eastern Europe,2020,6.139,10.371,0.953,70.1,0.767,-0.007,0.787,0.76,0.329
562,Poland,Central and Eastern Europe,2019,6.242,10.407,0.878,69.7,0.883,-0.231,0.696,0.725,0.168
563,Poland,Central and Eastern Europe,2018,6.111,10.366,0.863,69.3,0.87,-0.254,0.72,0.742,0.176
564,Poland,Central and Eastern Europe,2017,6.201,10.314,0.882,68.9,0.831,-0.122,0.639,0.677,0.203
565,Poland,Central and Eastern Europe,2016,6.162,10.266,0.917,68.5,0.871,-0.091,0.848,0.777,0.224
566,Poland,Central and Eastern Europe,2015,6.007,10.235,0.893,68.1,0.793,-0.093,0.81,0.734,0.24
567,Poland,Central and Eastern Europe,2014,5.75,10.197,0.924,67.94,0.875,-0.064,0.898,0.777,0.223
568,Poland,Central and Eastern Europe,2013,5.746,10.164,0.912,67.78,0.776,-0.137,0.916,0.784,0.242
569,Poland,Central and Eastern Europe,2012,5.876,10.149,0.936,67.62,0.811,-0.027,0.888,0.787,0.267
570,Portugal,Western Europe,2021,5.929,10.421,0.879,72.6,0.892,-0.244,0.887,0.695,0.327
571,Portugal,Western Europe,2020,5.768,10.371,0.875,72.8,0.913,-0.238,0.867,0.648,0.383
572,Portugal,Western Europe,2019,6.095,10.457,0.876,72.6,0.882,-0.234,0.915,0.71,0.3
573,Portugal,Western Europe,2018,5.92,10.434,0.887,72.4,0.877,-0.261,0.88,0.679,0.318
574,Portugal,Western Europe,2017,5.711,10.407,0.9,72.2,0.905,-0.176,0.881,0.649,0.294
575,Portugal,Western Europe,2016,5.447,10.37,0.905,72.0,0.838,-0.225,0.922,0.684,0.326
576,Portugal,Western Europe,2015,5.081,10.347,0.866,71.8,0.8,-0.163,0.941,0.657,0.371
577,Portugal,Western Europe,2014,5.127,10.325,0.862,71.6,0.847,-0.126,0.941,0.705,0.358
578,Portugal,Western Europe,2013,5.158,10.312,0.867,71.4,0.788,-0.118,0.946,0.7,0.348
579,Portugal,Western Europe,2012,4.994,10.315,0.866,71.2,0.774,-0.097,0.959,0.729,0.37
580,Russia,Commonwealth of Independent States,2021,5.477,10.189,0.903,64.703,0.718,-0.111,0.845,0.64,0.177
581,Russia,Commonwealth of Independent States,2020,5.495,10.162,0.887,65.1,0.714,-0.071,0.823,0.645,0.19
582,Russia,Commonwealth of Independent States,2019,5.441,10.205,0.91,64.7,0.715,-0.116,0.848,0.691,0.2
583,Russia,Commonwealth of Independent States,2018,5.514,10.191,0.909,64.3,0.729,-0.147,0.865,0.673,0.199
584,Russia,Commonwealth of Independent States,2017,5.579,10.166,0.896,63.9,0.731,-0.145,0.862,0.71,0.195
585,Russia,Commonwealth of Independent States,2016,5.855,10.149,0.911,63.5,0.714,-0.181,0.925,0.636,0.142
586,Russia,Commonwealth of Independent States,2015,5.996,10.149,0.924,63.1,0.685,-0.171,0.913,0.679,0.13
587,Russia,Commonwealth of Independent States,2014,6.037,10.171,0.932,62.68,0.744,-0.265,0.869,0.688,0.151
588,Russia,Commonwealth of Independent States,2013,5.537,10.182,0.881,62.26,0.661,-0.289,0.934,0.68,0.18
589,Russia,Commonwealth of Independent States,2012,5.621,10.166,0.901,61.84,0.609,-0.293,0.938,0.611,0.174
590,Saudi Arabia,Middle East and North Africa,2021,6.494,10.743,0.891,66.603,0.877,-0.149,0.684,0.735,0.268
591,Saudi Arabia,Middle East and North Africa,2020,6.56,10.701,0.89,66.9,0.884,-0.111,0.536,0.754,0.251
592,Saudi Arabia,Middle East and North Africa,2019,6.561,10.757,0.912,66.6,0.891,-0.147,0.536,0.732,0.238
593,Saudi Arabia,Middle East and North Africa,2018,6.356,10.771,0.868,66.3,0.855,-0.192,0.536,0.764,0.288
594,Saudi Arabia,Middle East and North Africa,2017,6.294,10.764,0.84,66.0,0.814,-0.131,0.536,0.775,0.306
595,Saudi Arabia,Middle East and North Africa,2016,6.474,10.792,0.89,65.7,0.774,-0.132,0.536,0.793,0.266
596,Saudi Arabia,Middle East and North Africa,2015,6.345,10.798,0.82,65.4,0.82,-0.045,0.536,0.724,0.327
597,Saudi Arabia,Middle East and North Africa,2014,6.278,10.783,0.818,65.2,0.762,-0.073,0.536,0.705,0.313
598,Saudi Arabia,Middle East and North Africa,2013,6.495,10.776,0.827,65.0,0.661,-0.081,0.536,0.744,0.276
599,Saudi Arabia,Middle East and North Africa,2012,6.396,10.779,0.867,64.8,0.56,-0.12,0.536,0.715,0.225
600,Serbia,Central and Eastern Europe,2021,6.078,9.787,0.873,68.6,0.778,0.002,0.835,0.535,0.347
601,Serbia,Central and Eastern Europe,2020,6.042,9.788,0.852,69.0,0.843,0.149,0.824,0.603,0.358
602,Serbia,Central and Eastern Europe,2019,6.241,9.808,0.903,68.6,0.753,-0.04,0.813,0.509,0.242
603,Serbia,Central and Eastern Europe,2018,5.936,9.762,0.853,68.2,0.74,-0.1,0.864,0.559,0.296
604,Serbia,Central and Eastern Europe,2017,5.122,9.713,0.884,67.8,0.685,-0.077,0.851,0.51,0.326
605,Serbia,Central and Eastern Europe,2016,5.753,9.688,0.895,67.4,0.614,-0.068,0.89,0.535,0.298
606,Serbia,Central and Eastern Europe,2015,5.318,9.649,0.816,67.0,0.546,-0.062,0.859,0.496,0.303
607,Serbia,Central and Eastern Europe,2014,5.113,9.627,0.783,66.84,0.532,0.072,0.912,0.498,0.326
608,Serbia,Central and Eastern Europe,2013,5.102,9.638,0.828,66.68,0.533,-0.1,0.908,0.529,0.403
609,Serbia,Central and Eastern Europe,2012,5.155,9.605,0.819,66.52,0.461,-0.13,0.952,0.514,0.371
610,Slovakia,Central and Eastern Europe,2021,6.331,10.369,0.936,69.201,0.766,-0.124,0.911,0.715,0.268
611,Slovakia,Central and Eastern Europe,2020,6.519,10.332,0.954,69.5,0.762,-0.075,0.901,0.764,0.274
612,Slovakia,Central and Eastern Europe,2019,6.243,10.398,0.933,69.2,0.771,-0.129,0.926,0.75,0.252
613,Slovakia,Central and Eastern Europe,2018,6.235,10.376,0.922,68.9,0.758,-0.167,0.91,0.754,0.253
614,Slovakia,Central and Eastern Europe,2017,6.366,10.339,0.913,68.6,0.714,-0.055,0.92,0.788,0.213
615,Slovakia,Central and Eastern Europe,2016,5.993,10.31,0.945,68.3,0.7,-0.061,0.917,0.774,0.232
616,Slovakia,Central and Eastern Europe,2015,6.162,10.291,0.943,68.0,0.587,-0.128,0.928,0.714,0.269
617,Slovakia,Central and Eastern Europe,2014,6.139,10.244,0.924,67.76,0.635,-0.126,0.914,0.703,0.267
618,Slovakia,Central and Eastern Europe,2013,5.937,10.218,0.909,67.52,0.598,-0.051,0.915,0.698,0.277
619,Slovakia,Central and Eastern Europe,2012,5.911,10.213,0.926,67.28,0.62,-0.028,0.907,0.656,0.302
620,Slovenia,Central and Eastern Europe,2021,6.461,10.529,0.948,71.4,0.949,-0.101,0.806,0.643,0.283
621,Slovenia,Central and Eastern Europe,2020,6.462,10.478,0.953,71.7,0.958,-0.081,0.797,0.61,0.314
622,Slovenia,Central and Eastern Europe,2019,6.665,10.563,0.949,71.4,0.945,-0.102,0.785,0.679,0.228
623,Slovenia,Central and Eastern Europe,2018,6.249,10.546,0.941,71.1,0.942,-0.119,0.839,0.644,0.275
624,Slovenia,Central and Eastern Europe,2017,6.167,10.509,0.928,70.8,0.921,-0.025,0.829,0.615,0.286
625,Slovenia,Central and Eastern Europe,2016,5.937,10.463,0.934,70.5,0.904,-0.055,0.838,0.626,0.272
626,Slovenia,Central and Eastern Europe,2015,5.741,10.433,0.901,70.2,0.896,0.008,0.892,0.659,0.261
627,Slovenia,Central and Eastern Europe,2014,5.678,10.412,0.908,70.0,0.888,0.052,0.909,0.62,0.291
628,Slovenia,Central and Eastern Europe,2013,5.975,10.385,0.932,69.8,0.89,0.036,0.918,0.635,0.274
629,Slovenia,Central and Eastern Europe,2012,6.063,10.397,0.925,69.6,0.904,-0.02,0.891,0.656,0.284
630,South Africa,Sub-Saharan Africa,2021,4.956,9.403,0.86,56.904,0.749,-0.067,0.86,0.781,0.226
631,South Africa,Sub-Saharan Africa,2020,4.947,9.332,0.891,57.3,0.757,-0.015,0.912,0.82,0.294
632,South Africa,Sub-Saharan Africa,2019,5.035,9.432,0.848,56.9,0.738,-0.134,0.82,0.801,0.268
633,South Africa,Sub-Saharan Africa,2018,4.884,9.444,0.841,56.5,0.753,-0.05,0.841,0.812,0.283
634,South Africa,Sub-Saharan Africa,2017,4.514,9.45,0.87,56.1,0.787,-0.129,0.865,0.785,0.268
635,South Africa,Sub-Saharan Africa,2016,4.77,9.45,0.875,55.7,0.774,-0.07,0.813,0.786,0.301
636,South Africa,Sub-Saharan Africa,2015,4.887,9.46,0.898,55.3,0.862,-0.127,0.853,0.781,0.161
637,South Africa,Sub-Saharan Africa,2014,4.828,9.464,0.881,54.34,0.794,-0.117,0.82,0.798,0.243
638,South Africa,Sub-Saharan Africa,2013,3.661,9.461,0.839,53.38,0.714,-0.077,0.8,0.773,0.167
639,South Africa,Sub-Saharan Africa,2012,5.134,9.453,0.907,52.42,0.59,-0.163,0.838,0.761,0.178
640,South Korea,East Asia,2021,5.845,10.651,0.799,73.9,0.672,-0.083,0.727,0.662,0.227
641,South Korea,East Asia,2020,5.793,10.648,0.808,74.2,0.711,-0.106,0.665,0.64,0.247
642,South Korea,East Asia,2019,5.903,10.661,0.783,73.9,0.706,-0.055,0.718,0.684,0.236
643,South Korea,East Asia,2018,5.84,10.643,0.798,73.6,0.6,-0.089,0.797,0.661,0.217
644,South Korea,East Asia,2017,5.874,10.621,0.807,73.3,0.538,0.014,0.851,0.623,0.235
645,South Korea,East Asia,2016,5.971,10.593,0.811,73.0,0.591,0.026,0.862,0.676,0.233
646,South Korea,East Asia,2015,5.78,10.568,0.768,72.7,0.616,-0.036,0.841,0.65,0.244
647,South Korea,East Asia,2014,5.801,10.546,0.738,72.44,0.623,-0.043,0.834,0.653,0.283
648,South Korea,East Asia,2013,5.959,10.52,0.797,72.18,0.642,-0.05,0.832,0.676,0.189
649,South Korea,East Asia,2012,6.003,10.494,0.775,71.92,0.618,-0.054,0.844,0.664,0.206
650,Spain,Western Europe,2021,6.491,10.571,0.932,74.7,0.761,-0.081,0.745,0.714,0.315
651,Spain,Western Europe,2020,6.502,10.488,0.935,75.0,0.783,-0.121,0.73,0.686,0.317
652,Spain,Western Europe,2019,6.457,10.618,0.949,74.7,0.778,-0.049,0.73,0.663,0.316
653,Spain,Western Europe,2018,6.513,10.605,0.91,74.4,0.722,-0.075,0.777,0.659,0.357
654,Spain,Western Europe,2017,6.23,10.586,0.903,74.1,0.756,-0.032,0.791,0.625,0.302
655,Spain,Western Europe,2016,6.319,10.56,0.942,73.8,0.768,-0.048,0.819,0.653,0.301
656,Spain,Western Europe,2015,6.381,10.531,0.956,73.5,0.732,-0.072,0.822,0.732,0.285
657,Spain,Western Europe,2014,6.456,10.492,0.948,73.38,0.738,-0.028,0.854,0.716,0.335
658,Spain,Western Europe,2013,6.15,10.476,0.929,73.26,0.759,-0.101,0.916,0.696,0.372
659,Spain,Western Europe,2012,6.291,10.487,0.937,73.14,0.755,-0.059,0.844,0.749,0.366
660,Sweden,Western Europe,2021,7.363,10.867,0.934,72.7,0.945,0.086,0.237,0.819,0.18
661,Sweden,Western Europe,2020,7.314,10.838,0.936,72.8,0.951,0.091,0.203,0.766,0.222
662,Sweden,Western Europe,2019,7.398,10.882,0.934,72.7,0.942,0.091,0.25,0.826,0.202
663,Sweden,Western Europe,2018,7.375,10.881,0.931,72.6,0.942,0.077,0.263,0.823,0.161
664,Sweden,Western Europe,2017,7.287,10.873,0.914,72.5,0.935,0.17,0.239,0.814,0.175
665,Sweden,Western Europe,2016,7.369,10.861,0.912,72.4,0.918,0.146,0.246,0.816,0.201
666,Sweden,Western Europe,2015,7.289,10.853,0.929,72.3,0.935,0.211,0.232,0.818,0.191
667,Sweden,Western Europe,2014,7.239,10.82,0.933,72.22,0.945,0.202,0.25,0.836,0.208
668,Sweden,Western Europe,2013,7.434,10.804,0.916,72.14,0.936,0.159,0.324,0.829,0.184
669,Sweden,Western Europe,2012,7.56,10.8,0.929,72.06,0.944,0.132,0.254,0.855,0.17
670,Taiwan Province of China,East Asia,2021,6.584,10.871,0.898,69.6,0.784,-0.07,0.721,0.835,0.116
671,Taiwan Province of China,East Asia,2020,6.751,10.756,0.901,69.255,0.799,-0.006,0.711,0.845,0.083
672,Taiwan Province of China,East Asia,2019,6.537,10.756,0.893,69.255,0.814,-0.006,0.718,0.86,0.093
673,Taiwan Province of China,East Asia,2018,6.467,10.756,0.896,69.255,0.741,-0.006,0.736,0.848,0.093
674,Taiwan Province of China,East Asia,2017,6.359,10.871,0.891,69.255,0.76,-0.07,0.743,0.837,0.114
675,Taiwan Province of China,East Asia,2016,6.513,10.855,0.895,69.255,0.719,-0.049,0.811,0.833,0.108
676,Taiwan Province of China,East Asia,2015,6.45,10.842,0.885,69.255,0.701,0.019,0.857,0.832,0.129
677,Taiwan Province of China,East Asia,2014,6.363,10.798,0.87,69.255,0.693,0.092,0.866,0.849,0.108
678,Taiwan Province of China,East Asia,2013,6.34,10.75,0.817,69.255,0.69,0.002,0.841,0.846,0.124
679,Taiwan Province of China,East Asia,2012,6.126,10.716,0.825,69.255,0.698,0.022,0.803,0.821,0.14
680,Tajikistan,Commonwealth of Independent States,2021,5.466,8.091,0.86,64.281,0.832,-0.056,0.553,0.665,0.203
681,Tajikistan,Commonwealth of Independent States,2020,5.373,8.08,0.79,64.7,0.781,-0.04,0.55,0.749,0.344
682,Tajikistan,Commonwealth of Independent States,2019,5.464,8.126,0.88,64.4,0.781,-0.045,0.49,0.729,0.178
683,Tajikistan,Commonwealth of Independent States,2018,5.497,8.082,0.875,64.1,0.781,-0.065,0.578,0.695,0.22
684,Tajikistan,Commonwealth of Independent States,2017,5.829,8.036,0.663,63.8,0.832,0.124,0.718,0.603,0.278
685,Tajikistan,Commonwealth of Independent States,2016,5.104,7.987,0.857,63.5,0.703,0.01,0.632,0.644,0.22
686,Tajikistan,Commonwealth of Independent States,2015,5.124,7.945,0.844,63.2,0.847,0.022,0.742,0.689,0.196
687,Tajikistan,Commonwealth of Independent States,2014,4.896,7.911,0.81,63.04,0.853,0.002,0.698,0.656,0.196
688,Tajikistan,Commonwealth of Independent States,2013,4.967,7.87,0.701,62.88,0.693,0.063,0.764,0.677,0.17
689,Tajikistan,Commonwealth of Independent States,2012,4.497,7.821,0.729,62.72,0.749,-0.073,0.717,0.714,0.198
690,Tanzania,Sub-Saharan Africa,2021,3.623,7.876,0.702,57.999,0.833,0.183,0.577,0.724,0.208
691,Tanzania,Sub-Saharan Africa,2020,3.786,7.881,0.74,58.5,0.83,0.295,0.521,0.686,0.271
692,Tanzania,Sub-Saharan Africa,2019,3.64,7.886,0.687,58.0,0.85,0.1,0.589,0.726,0.243
693,Tanzania,Sub-Saharan Africa,2018,3.445,7.859,0.675,57.5,0.807,0.153,0.612,0.762,0.221
694,Tanzania,Sub-Saharan Africa,2017,3.347,7.836,0.705,57.0,0.8,0.116,0.654,0.715,0.255
695,Tanzania,Sub-Saharan Africa,2016,2.903,7.8,0.638,56.5,0.775,0.179,0.739,0.694,0.246
696,Tanzania,Sub-Saharan Africa,2015,3.661,7.764,0.79,56.0,0.759,0.149,0.906,0.619,0.192
697,Tanzania,Sub-Saharan Africa,2014,3.483,7.734,0.789,55.26,0.654,0.11,0.878,0.731,0.241
698,Tanzania,Sub-Saharan Africa,2013,3.852,7.699,0.803,54.52,0.654,0.054,0.859,0.738,0.191
699,Tanzania,Sub-Saharan Africa,2012,4.007,7.663,0.832,53.78,0.577,0.213,0.887,0.679,0.195
700,Thailand,Southeast Asia,2021,5.985,9.805,0.888,67.401,0.884,0.287,0.895,0.849,0.184
701,Thailand,Southeast Asia,2020,5.885,9.769,0.867,67.6,0.84,0.273,0.918,0.783,0.326
702,Thailand,Southeast Asia,2019,6.022,9.824,0.903,67.4,0.898,0.309,0.877,0.843,0.208
703,Thailand,Southeast Asia,2018,6.012,9.803,0.873,67.2,0.905,0.259,0.907,0.843,0.198
704,Thailand,Southeast Asia,2017,5.939,9.765,0.877,67.0,0.923,0.212,0.884,0.816,0.232
705,Thailand,Southeast Asia,2016,6.074,9.729,0.908,66.8,0.924,0.356,0.878,0.835,0.218
706,Thailand,Southeast Asia,2015,6.202,9.699,0.866,66.6,0.885,0.316,0.914,0.91,0.174
707,Thailand,Southeast Asia,2014,6.985,9.672,0.933,66.38,0.9,0.553,0.92,0.811,0.169
708,Thailand,Southeast Asia,2013,6.231,9.667,0.926,66.16,0.781,0.456,0.925,0.846,0.141
709,Thailand,Southeast Asia,2012,6.3,9.645,0.906,65.94,0.847,0.38,0.909,0.855,0.138
710,Tunisia,Middle East and North Africa,2021,4.596,9.266,0.691,67.201,0.656,-0.201,0.87,0.561,0.336
711,Tunisia,Middle East and North Africa,2020,4.731,9.231,0.719,67.5,0.668,-0.202,0.877,0.585,0.439
712,Tunisia,Middle East and North Africa,2019,4.315,9.283,0.61,67.2,0.659,-0.209,0.889,0.539,0.433
713,Tunisia,Middle East and North Africa,2018,4.741,9.284,0.733,66.9,0.65,-0.191,0.84,0.592,0.365
714,Tunisia,Middle East and North Africa,2017,4.124,9.269,0.717,66.6,0.478,-0.219,0.869,0.421,0.377
715,Tunisia,Middle East and North Africa,2016,4.521,9.262,0.702,66.3,0.614,-0.165,0.811,0.612,0.378
716,Tunisia,Middle East and North Africa,2015,5.132,9.261,0.609,66.0,0.711,-0.226,0.815,0.573,0.32
717,Tunisia,Middle East and North Africa,2014,4.764,9.26,0.68,65.82,0.589,-0.232,0.783,0.503,0.321
718,Tunisia,Middle East and North Africa,2013,5.246,9.24,0.648,65.64,0.536,-0.207,0.886,0.517,0.239
719,Tunisia,Middle East and North Africa,2012,4.464,9.222,0.614,65.46,0.568,-0.176,0.899,0.521,0.327
720,Turkey,Middle East and North Africa,2021,4.948,10.24,0.822,67.199,0.576,-0.139,0.776,0.538,0.365
721,Turkey,Middle East and North Africa,2020,4.862,10.219,0.857,67.6,0.51,-0.111,0.774,0.384,0.44
722,Turkey,Middle East and North Africa,2019,4.872,10.246,0.792,67.2,0.631,-0.136,0.76,0.422,0.368
723,Turkey,Middle East and North Africa,2018,5.186,10.251,0.847,66.8,0.529,-0.176,0.805,0.435,0.351
724,Turkey,Middle East and North Africa,2017,5.607,10.238,0.876,66.4,0.644,-0.237,0.671,0.45,0.313
725,Turkey,Middle East and North Africa,2016,5.326,10.181,0.88,66.0,0.644,-0.065,0.764,0.465,0.39
726,Turkey,Middle East and North Africa,2015,5.514,10.166,0.851,65.6,0.653,-0.016,0.806,0.46,0.382
727,Turkey,Middle East and North Africa,2014,5.58,10.124,0.863,65.36,0.649,-0.024,0.764,0.483,0.377
728,Turkey,Middle East and North Africa,2013,4.888,10.091,0.795,65.12,0.541,-0.229,0.698,0.635,0.392
729,Turkey,Middle East and North Africa,2012,5.309,10.026,0.739,64.88,0.471,-0.216,0.702,0.645,0.335
730,Uganda,Sub-Saharan Africa,2021,4.636,7.677,0.781,56.101,0.709,0.122,0.855,0.678,0.326
731,Uganda,Sub-Saharan Africa,2020,4.641,7.684,0.8,56.5,0.687,0.147,0.878,0.699,0.425
732,Uganda,Sub-Saharan Africa,2019,4.948,7.688,0.805,56.1,0.704,0.139,0.826,0.693,0.385
733,Uganda,Sub-Saharan Africa,2018,4.322,7.66,0.74,55.7,0.729,0.079,0.856,0.685,0.39
734,Uganda,Sub-Saharan Africa,2017,4.001,7.638,0.74,55.3,0.772,0.06,0.816,0.703,0.4
735,Uganda,Sub-Saharan Africa,2016,4.233,7.637,0.754,54.9,0.739,0.132,0.811,0.668,0.41
736,Uganda,Sub-Saharan Africa,2015,4.238,7.627,0.747,54.5,0.758,0.135,0.873,0.703,0.353
737,Uganda,Sub-Saharan Africa,2014,3.77,7.611,0.821,53.68,0.834,0.009,0.898,0.681,0.397
738,Uganda,Sub-Saharan Africa,2013,3.71,7.595,0.878,52.86,0.763,0.053,0.82,0.676,0.346
739,Uganda,Sub-Saharan Africa,2012,4.309,7.592,0.885,52.04,0.649,0.081,0.838,0.754,0.265
740,Ukraine,Commonwealth of Independent States,2021,4.875,9.436,0.888,64.902,0.724,-0.011,0.924,0.601,0.223
741,Ukraine,Commonwealth of Independent States,2020,5.27,9.428,0.885,65.2,0.784,0.126,0.946,0.688,0.285
742,Ukraine,Commonwealth of Independent States,2019,4.702,9.458,0.883,64.9,0.715,-0.081,0.885,0.634,0.201
743,Ukraine,Commonwealth of Independent States,2018,4.662,9.42,0.901,64.6,0.663,-0.074,0.943,0.609,0.222
744,Ukraine,Commonwealth of Independent States,2017,4.311,9.382,0.858,64.3,0.599,-0.002,0.937,0.597,0.235
745,Ukraine,Commonwealth of Independent States,2016,4.029,9.353,0.885,64.0,0.503,0.011,0.891,0.589,0.22
746,Ukraine,Commonwealth of Independent States,2015,3.965,9.327,0.909,63.7,0.431,-0.033,0.952,0.574,0.241
747,Ukraine,Commonwealth of Independent States,2014,4.297,9.426,0.877,63.4,0.533,0.084,0.927,0.594,0.249
748,Ukraine,Commonwealth of Independent States,2013,4.711,9.438,0.897,63.1,0.569,-0.216,0.937,0.643,0.225
749,Ukraine,Commonwealth of Independent States,2012,5.03,9.436,0.898,62.8,0.564,-0.223,0.896,0.57,0.193
750,United Arab Emirates,Middle East and North Africa,2021,6.561,11.085,0.844,67.333,0.932,0.074,0.589,0.77,0.263
751,United Arab Emirates,Middle East and North Africa,2020,6.458,11.053,0.827,67.5,0.942,0.06,0.372,0.752,0.298
752,United Arab Emirates,Middle East and North Africa,2019,6.711,11.114,0.862,67.3,0.911,0.129,0.372,0.793,0.284
753,United Arab Emirates,Middle East and North Africa,2018,6.604,11.112,0.851,67.1,0.944,0.054,0.372,0.787,0.302
754,United Arab Emirates,Middle East and North Africa,2017,7.039,11.115,0.836,66.9,0.962,0.216,0.372,0.795,0.208
755,United Arab Emirates,Middle East and North Africa,2016,6.831,11.105,0.849,66.7,0.949,0.131,0.372,0.775,0.245
756,United Arab Emirates,Middle East and North Africa,2015,6.568,11.086,0.824,66.5,0.915,0.201,0.372,0.761,0.296
757,United Arab Emirates,Middle East and North Africa,2014,6.54,11.041,0.861,66.48,0.917,0.089,0.372,0.77,0.263
758,United Arab Emirates,Middle East and North Africa,2013,6.621,11.001,0.864,66.46,0.936,0.089,0.372,0.77,0.291
759,United Arab Emirates,Middle East and North Africa,2012,7.218,10.958,0.856,66.44,0.92,0.089,0.372,0.768,0.224
760,United Kingdom,Western Europe,2021,7.064,10.707,0.934,72.5,0.859,0.233,0.459,0.805,0.223
761,United Kingdom,Western Europe,2020,6.798,10.626,0.929,72.7,0.885,0.203,0.49,0.758,0.225
762,United Kingdom,Western Europe,2019,7.157,10.751,0.943,72.5,0.854,0.271,0.485,0.775,0.251
763,United Kingdom,Western Europe,2018,7.233,10.743,0.928,72.3,0.838,0.226,0.404,0.783,0.228
764,United Kingdom,Western Europe,2017,7.103,10.736,0.937,72.1,0.813,0.291,0.419,0.759,0.21
765,United Kingdom,Western Europe,2016,6.824,10.724,0.954,71.9,0.821,0.25,0.458,0.776,0.23
766,United Kingdom,Western Europe,2015,6.515,10.712,0.936,71.7,0.833,0.3,0.456,0.798,0.219
767,United Kingdom,Western Europe,2014,6.758,10.697,0.91,71.62,0.857,0.355,0.484,0.794,0.251
768,United Kingdom,Western Europe,2013,6.918,10.679,0.937,71.54,0.905,0.346,0.568,0.776,0.252
769,United Kingdom,Western Europe,2012,6.881,10.664,0.935,71.46,0.889,0.371,0.425,0.844,0.184
770,United States,North America and ANZ,2021,6.951,11.023,0.92,68.2,0.837,0.098,0.698,0.828,0.262
771,United States,North America and ANZ,2020,7.028,11.001,0.937,68.1,0.85,0.034,0.678,0.787,0.295
772,United States,North America and ANZ,2019,6.944,11.043,0.917,68.2,0.836,0.144,0.707,0.815,0.244
773,United States,North America and ANZ,2018,6.883,11.025,0.904,68.3,0.825,0.116,0.71,0.815,0.292
774,United States,North America and ANZ,2017,6.992,11.001,0.921,68.4,0.868,0.197,0.681,0.827,0.268
775,United States,North America and ANZ,2016,6.804,10.986,0.897,68.5,0.758,0.144,0.739,0.806,0.264
776,United States,North America and ANZ,2015,6.864,10.977,0.904,68.6,0.849,0.219,0.698,0.814,0.275
777,United States,North America and ANZ,2014,7.151,10.956,0.902,68.62,0.866,0.221,0.702,0.834,0.281
778,United States,North America and ANZ,2013,7.249,10.939,0.925,68.64,0.792,0.274,0.747,0.814,0.26
779,United States,North America and ANZ,2012,7.026,10.928,0.903,68.66,0.823,0.215,0.71,0.834,0.26
780,Uruguay,Latin America and Caribbean,2021,6.431,9.966,0.925,69.1,0.896,-0.092,0.59,0.823,0.262
781,Uruguay,Latin America and Caribbean,2020,6.31,9.937,0.921,69.2,0.908,-0.084,0.491,0.807,0.265
782,Uruguay,Latin America and Caribbean,2019,6.6,9.979,0.933,69.1,0.903,-0.095,0.599,0.889,0.222
783,Uruguay,Latin America and Caribbean,2018,6.372,9.98,0.917,69.0,0.876,-0.097,0.683,0.877,0.275
784,Uruguay,Latin America and Caribbean,2017,6.336,9.968,0.914,68.9,0.898,-0.091,0.627,0.836,0.28
785,Uruguay,Latin America and Caribbean,2016,6.171,9.946,0.9,68.8,0.886,-0.072,0.676,0.842,0.283
786,Uruguay,Latin America and Caribbean,2015,6.628,9.932,0.891,68.7,0.917,-0.032,0.673,0.893,0.3
787,Uruguay,Latin America and Caribbean,2014,6.561,9.932,0.902,68.56,0.904,-0.073,0.533,0.869,0.251
788,Uruguay,Latin America and Caribbean,2013,6.444,9.904,0.917,68.42,0.888,-0.043,0.586,0.826,0.253
789,Uruguay,Latin America and Caribbean,2012,6.45,9.861,0.865,68.28,0.871,0.067,0.615,0.788,0.214
790,Venezuela,Latin America and Caribbean,2021,4.892,9.073,0.861,66.7,0.615,-0.169,0.827,0.802,0.26
791,Venezuela,Latin America and Caribbean,2020,4.574,9.449,0.805,66.9,0.612,-0.165,0.811,0.722,0.396
792,Venezuela,Latin America and Caribbean,2019,5.081,9.449,0.888,66.7,0.626,-0.165,0.839,0.761,0.351
793,Venezuela,Latin America and Caribbean,2018,5.006,9.449,0.887,66.5,0.611,-0.165,0.828,0.759,0.374
794,Venezuela,Latin America and Caribbean,2017,5.071,9.073,0.896,66.3,0.636,-0.169,0.844,0.726,0.363
795,Venezuela,Latin America and Caribbean,2016,4.041,9.01,0.902,66.1,0.458,-0.155,0.89,0.688,0.392
796,Venezuela,Latin America and Caribbean,2015,5.569,9.001,0.911,65.9,0.512,-0.117,0.813,0.867,0.223
797,Venezuela,Latin America and Caribbean,2014,6.136,9.557,0.904,65.86,0.57,-0.199,0.827,0.811,0.244
798,Venezuela,Latin America and Caribbean,2013,6.553,9.739,0.896,65.82,0.642,-0.22,0.837,0.84,0.238
799,Venezuela,Latin America and Caribbean,2012,7.067,9.826,0.932,65.78,0.804,-0.193,0.743,0.858,0.176
800,Zambia,Sub-Saharan Africa,2021,4.073,8.145,0.708,55.809,0.782,0.061,0.823,0.721,0.294
801,Zambia,Sub-Saharan Africa,2020,4.838,8.117,0.767,56.3,0.75,0.056,0.81,0.691,0.345
802,Zambia,Sub-Saharan Africa,2019,3.307,8.155,0.638,55.8,0.811,0.077,0.832,0.743,0.394
803,Zambia,Sub-Saharan Africa,2018,4.041,8.167,0.718,55.3,0.791,0.048,0.811,0.703,0.351
804,Zambia,Sub-Saharan Africa,2017,3.933,8.156,0.744,54.8,0.823,0.14,0.74,0.685,0.387
805,Zambia,Sub-Saharan Africa,2016,4.348,8.151,0.767,54.3,0.812,0.122,0.771,0.731,0.372
806,Zambia,Sub-Saharan Africa,2015,4.843,8.144,0.691,53.8,0.759,-0.039,0.871,0.69,0.382
807,Zambia,Sub-Saharan Africa,2014,4.346,8.146,0.706,53.06,0.812,-0.011,0.809,0.692,0.327
808,Zambia,Sub-Saharan Africa,2013,5.244,8.131,0.761,52.32,0.77,-0.104,0.732,0.735,0.308
809,Zambia,Sub-Saharan Africa,2012,5.013,8.114,0.78,51.58,0.788,0.008,0.806,0.726,0.25
810,Zimbabwe,Sub-Saharan Africa,2021,3.145,7.943,0.75,56.201,0.677,-0.047,0.821,0.718,0.224
811,Zimbabwe,Sub-Saharan Africa,2020,3.16,7.829,0.717,56.8,0.643,-0.009,0.789,0.703,0.346
812,Zimbabwe,Sub-Saharan Africa,2019,2.694,7.95,0.759,56.2,0.632,-0.064,0.831,0.716,0.235
813,Zimbabwe,Sub-Saharan Africa,2018,3.616,8.049,0.775,55.6,0.763,-0.068,0.844,0.71,0.212
814,Zimbabwe,Sub-Saharan Africa,2017,3.638,8.016,0.754,55.0,0.753,-0.098,0.751,0.806,0.224
815,Zimbabwe,Sub-Saharan Africa,2016,3.735,7.984,0.768,54.4,0.733,-0.095,0.724,0.738,0.209
816,Zimbabwe,Sub-Saharan Africa,2015,3.703,7.992,0.736,53.8,0.667,-0.123,0.81,0.715,0.179
817,Zimbabwe,Sub-Saharan Africa,2014,4.184,7.991,0.766,52.38,0.642,-0.074,0.82,0.725,0.239
818,Zimbabwe,Sub-Saharan Africa,2013,4.69,7.985,0.799,50.96,0.576,-0.104,0.831,0.712,0.182
819,Zimbabwe,Sub-Saharan Africa,2012,4.955,7.983,0.896,49.54,0.47,-0.103,0.859,0.669,0.177
